enzyme_a,enzyme_b
AanI,AatII
AanI,Acc65I
AanI,AccI
AanI,AciI
AanI,AclI
AanI,AfeI
AanI,AflII
AanI,AflIII
AanI,AgeI
AanI,AluI
AanI,ApaI
AanI,ApaLI
AanI,ApeKI
AanI,ApoI
AanI,AscI
AanI,AseI
AanI,AsiSI
AanI,AvaI
AanI,AvaII
AanI,AvrII
AanI,BaeGI
AanI,BamHI
AanI,BanI
AanI,BanII
AanI,BbvCI
AanI,BclI
AanI,BfaI
AanI,BfoI
AanI,BglII
AanI,BlpI
AanI,BmgBI
AanI,Bpu10I
AanI,BsaAI
AanI,BsaHI
AanI,BsaJI
AanI,BsaWI
AanI,BseSI
AanI,BseYI
AanI,BsiEI
AanI,BsiHKAI
AanI,BsiWI
AanI,BsoBI
AanI,Bsp1286I
AanI,BspDI
AanI,BspEI
AanI,BspHI
AanI,BspOI
AanI,BsrBI
AanI,BsrFI
AanI,BsrGI
AanI,BssHII
AanI,BssSI
AanI,BstBI
AanI,BstEII
AanI,BstNI
AanI,BstUI
AanI,BstYI
AanI,BstZ17I
AanI,Bsu36I
AanI,BtgI
AanI,ClaI
AanI,CpoI
AanI,CsiI
AanI,CviKI-1
AanI,CviQI
AanI,DdeI
AanI,DpnI
AanI,DpnII
AanI,DraI
AanI,EaeI
AanI,EagI
AanI,Ecl136II
AanI,Eco105I
AanI,Eco147I
AanI,Eco53kI
AanI,Eco72I
AanI,EcoRI
AanI,EcoRV
AanI,EheI
AanI,FatI
AanI,Fnu4HI
AanI,FseI
AanI,FspAI
AanI,FspI
AanI,HaeII
AanI,HaeIII
AanI,HhaI
AanI,HinP1I
AanI,HincII
AanI,HindIII
AanI,HinfI
AanI,HpaI
AanI,HpaII
AanI,Hpy188I
AanI,Hpy99I
AanI,HpyCH4III
AanI,HpyCH4IV
AanI,HpyCH4V
AanI,KasI
AanI,KpnI
AanI,MboI
AanI,MluCI
AanI,MluI
AanI,MreI
AanI,MscI
AanI,MseI
AanI,MspA1I
AanI,MspI
AanI,MssI
AanI,MunI
AanI,NaeI
AanI,NarI
AanI,NciI
AanI,NcoI
AanI,NdeI
AanI,NgoMIV
AanI,NheI
AanI,NlaIII
AanI,NotI
AanI,NruI
AanI,NsiI
AanI,NspI
AanI,PacI
AanI,PaeR7I
AanI,PciI
AanI,PluTI
AanI,PpuMI
AanI,PspGI
AanI,PspOMI
AanI,PspXI
AanI,PstI
AanI,PvuI
AanI,PvuII
AanI,RsRII
AanI,RsaI
AanI,SacI
AanI,SacII
AanI,SalI
AanI,Sau3AI
AanI,Sau96I
AanI,SbfI
AanI,ScaI
AanI,ScrFI
AanI,SexAI
AanI,SfcI
AanI,SgrAI
AanI,SgrDI
AanI,SmaI
AanI,SmlI
AanI,SpeI
AanI,SphI
AanI,SrfI
AanI,SspI
AanI,StyD4I
AanI,StyI
AanI,SwaI
AanI,TaiI
AanI,TaqI
AanI,TasI
AanI,TatI
AanI,TauI
AanI,TfiI
AanI,TseI
AanI,Tsp45I
AanI,TspMI
AanI,XbaI
AanI,XhoI
AanI,XmaI
AanI,ZraI
AatII,Acc65I
AatII,AccI
AatII,AciI
AatII,AclI
AatII,AfeI
AatII,AflII
AatII,AflIII
AatII,AgeI
AatII,AluI
AatII,ApaI
AatII,ApaLI
AatII,ApeKI
AatII,ApoI
AatII,AscI
AatII,AseI
AatII,AsiSI
AatII,AvaI
AatII,AvaII
AatII,AvrII
AatII,BaeGI
AatII,BamHI
AatII,BanI
AatII,BanII
AatII,BbvCI
AatII,BclI
AatII,BfaI
AatII,BfoI
AatII,BglII
AatII,BlpI
AatII,Bpu10I
AatII,BsaAI
AatII,BsaHI
AatII,BsaJI
AatII,BsaWI
AatII,BseSI
AatII,BseYI
AatII,BsiEI
AatII,BsiHKAI
AatII,BsiWI
AatII,BsoBI
AatII,Bsp1286I
AatII,BspDI
AatII,BspEI
AatII,BspHI
AatII,BspOI
AatII,BsrBI
AatII,BsrFI
AatII,BsrGI
AatII,BssHII
AatII,BssSI
AatII,BstBI
AatII,BstEII
AatII,BstNI
AatII,BstUI
AatII,BstYI
AatII,BstZ17I
AatII,Bsu36I
AatII,BtgI
AatII,ClaI
AatII,CpoI
AatII,CsiI
AatII,CviKI-1
AatII,CviQI
AatII,DdeI
AatII,DpnI
AatII,DpnII
AatII,DraI
AatII,EaeI
AatII,EagI
AatII,Ecl136II
AatII,Eco105I
AatII,Eco147I
AatII,Eco53kI
AatII,Eco72I
AatII,EcoRI
AatII,EcoRV
AatII,EheI
AatII,FatI
AatII,Fnu4HI
AatII,FseI
AatII,FspAI
AatII,FspI
AatII,HaeII
AatII,HaeIII
AatII,HhaI
AatII,HinP1I
AatII,HincII
AatII,HindIII
AatII,HinfI
AatII,HpaI
AatII,HpaII
AatII,Hpy188I
AatII,Hpy99I
AatII,HpyCH4III
AatII,HpyCH4V
AatII,KasI
AatII,KpnI
AatII,MboI
AatII,MluCI
AatII,MluI
AatII,MreI
AatII,MscI
AatII,MseI
AatII,MspA1I
AatII,MspI
AatII,MssI
AatII,MunI
AatII,NaeI
AatII,NarI
AatII,NciI
AatII,NcoI
AatII,NdeI
AatII,NgoMIV
AatII,NheI
AatII,NlaIII
AatII,NotI
AatII,NruI
AatII,NsiI
AatII,NspI
AatII,PacI
AatII,PaeR7I
AatII,PciI
AatII,PluTI
AatII,PpuMI
AatII,PsiI
AatII,PspGI
AatII,PspOMI
AatII,PspXI
AatII,PstI
AatII,PvuI
AatII,PvuII
AatII,RsRII
AatII,RsaI
AatII,SacI
AatII,SacII
AatII,SalI
AatII,Sau3AI
AatII,Sau96I
AatII,SbfI
AatII,ScaI
AatII,ScrFI
AatII,SexAI
AatII,SfcI
AatII,SgrAI
AatII,SgrDI
AatII,SmaI
AatII,SmlI
AatII,SpeI
AatII,SphI
AatII,SrfI
AatII,SspI
AatII,StyD4I
AatII,StyI
AatII,SwaI
AatII,TaqI
AatII,TasI
AatII,TatI
AatII,TauI
AatII,TfiI
AatII,TseI
AatII,Tsp45I
AatII,TspMI
AatII,XbaI
AatII,XhoI
AatII,XmaI
Acc65I,AccI
Acc65I,AciI
Acc65I,AclI
Acc65I,AfeI
Acc65I,AflII
Acc65I,AflIII
Acc65I,AgeI
Acc65I,AluI
Acc65I,ApaI
Acc65I,ApaLI
Acc65I,ApeKI
Acc65I,ApoI
Acc65I,AscI
Acc65I,AseI
Acc65I,AsiSI
Acc65I,AvaI
Acc65I,AvaII
Acc65I,AvrII
Acc65I,BaeGI
Acc65I,BamHI
Acc65I,BanII
Acc65I,BbvCI
Acc65I,BclI
Acc65I,BfaI
Acc65I,BfoI
Acc65I,BglII
Acc65I,BlpI
Acc65I,BmgBI
Acc65I,Bpu10I
Acc65I,BsaAI
Acc65I,BsaHI
Acc65I,BsaJI
Acc65I,BsaWI
Acc65I,BseSI
Acc65I,BseYI
Acc65I,BsiEI
Acc65I,BsiHKAI
Acc65I,BsiWI
Acc65I,BsoBI
Acc65I,Bsp1286I
Acc65I,BspDI
Acc65I,BspEI
Acc65I,BspHI
Acc65I,BspOI
Acc65I,BsrBI
Acc65I,BsrFI
Acc65I,BsrGI
Acc65I,BssHII
Acc65I,BssSI
Acc65I,BstBI
Acc65I,BstEII
Acc65I,BstNI
Acc65I,BstUI
Acc65I,BstYI
Acc65I,BstZ17I
Acc65I,Bsu36I
Acc65I,BtgI
Acc65I,ClaI
Acc65I,CpoI
Acc65I,CsiI
Acc65I,CviKI-1
Acc65I,DdeI
Acc65I,DpnI
Acc65I,DpnII
Acc65I,DraI
Acc65I,EaeI
Acc65I,EagI
Acc65I,Ecl136II
Acc65I,Eco105I
Acc65I,Eco147I
Acc65I,Eco53kI
Acc65I,Eco72I
Acc65I,EcoRI
Acc65I,EcoRV
Acc65I,EheI
Acc65I,FatI
Acc65I,Fnu4HI
Acc65I,FseI
Acc65I,FspAI
Acc65I,FspI
Acc65I,HaeII
Acc65I,HaeIII
Acc65I,HhaI
Acc65I,HinP1I
Acc65I,HincII
Acc65I,HindIII
Acc65I,HinfI
Acc65I,HpaI
Acc65I,HpaII
Acc65I,Hpy188I
Acc65I,Hpy99I
Acc65I,HpyCH4III
Acc65I,HpyCH4IV
Acc65I,HpyCH4V
Acc65I,KasI
Acc65I,MboI
Acc65I,MluCI
Acc65I,MluI
Acc65I,MreI
Acc65I,MscI
Acc65I,MseI
Acc65I,MspA1I
Acc65I,MspI
Acc65I,MssI
Acc65I,MunI
Acc65I,NaeI
Acc65I,NarI
Acc65I,NciI
Acc65I,NcoI
Acc65I,NdeI
Acc65I,NgoMIV
Acc65I,NheI
Acc65I,NlaIII
Acc65I,NotI
Acc65I,NruI
Acc65I,NsiI
Acc65I,NspI
Acc65I,PacI
Acc65I,PaeR7I
Acc65I,PciI
Acc65I,PluTI
Acc65I,PpuMI
Acc65I,PsiI
Acc65I,PspGI
Acc65I,PspOMI
Acc65I,PspXI
Acc65I,PstI
Acc65I,PvuI
Acc65I,PvuII
Acc65I,RsRII
Acc65I,SacI
Acc65I,SacII
Acc65I,SalI
Acc65I,Sau3AI
Acc65I,Sau96I
Acc65I,SbfI
Acc65I,ScaI
Acc65I,ScrFI
Acc65I,SexAI
Acc65I,SfcI
Acc65I,SgrAI
Acc65I,SgrDI
Acc65I,SmaI
Acc65I,SmlI
Acc65I,SpeI
Acc65I,SphI
Acc65I,SrfI
Acc65I,SspI
Acc65I,StyD4I
Acc65I,StyI
Acc65I,SwaI
Acc65I,TaiI
Acc65I,TaqI
Acc65I,TasI
Acc65I,TatI
Acc65I,TauI
Acc65I,TfiI
Acc65I,TseI
Acc65I,Tsp45I
Acc65I,TspMI
Acc65I,XbaI
Acc65I,XhoI
Acc65I,XmaI
Acc65I,ZraI
AccI,AciI
AccI,AclI
AccI,AfeI
AccI,AflII
AccI,AflIII
AccI,AgeI
AccI,AluI
AccI,ApaI
AccI,ApaLI
AccI,ApeKI
AccI,ApoI
AccI,AscI
AccI,AseI
AccI,AsiSI
AccI,AvaI
AccI,AvaII
AccI,AvrII
AccI,BaeGI
AccI,BamHI
AccI,BanI
AccI,BanII
AccI,BbvCI
AccI,BclI
AccI,BfaI
AccI,BfoI
AccI,BglII
AccI,BlpI
AccI,BmgBI
AccI,Bpu10I
AccI,BsaAI
AccI,BsaHI
AccI,BsaJI
AccI,BsaWI
AccI,BseSI
AccI,BseYI
AccI,BsiEI
AccI,BsiHKAI
AccI,BsiWI
AccI,BsoBI
AccI,Bsp1286I
AccI,BspDI
AccI,BspEI
AccI,BspHI
AccI,BspOI
AccI,BsrBI
AccI,BsrFI
AccI,BsrGI
AccI,BssHII
AccI,BssSI
AccI,BstBI
AccI,BstEII
AccI,BstNI
AccI,BstUI
AccI,BstYI
AccI,Bsu36I
AccI,BtgI
AccI,ClaI
AccI,CpoI
AccI,CsiI
AccI,CviKI-1
AccI,CviQI
AccI,DdeI
AccI,DpnI
AccI,DpnII
AccI,DraI
AccI,EaeI
AccI,EagI
AccI,Ecl136II
AccI,Eco105I
AccI,Eco147I
AccI,Eco53kI
AccI,Eco72I
AccI,EcoRI
AccI,EcoRV
AccI,EheI
AccI,FatI
AccI,Fnu4HI
AccI,FseI
AccI,FspAI
AccI,FspI
AccI,HaeII
AccI,HaeIII
AccI,HhaI
AccI,HinP1I
AccI,HindIII
AccI,HinfI
AccI,HpaI
AccI,HpaII
AccI,Hpy188I
AccI,Hpy99I
AccI,HpyCH4III
AccI,HpyCH4IV
AccI,HpyCH4V
AccI,KasI
AccI,KpnI
AccI,MboI
AccI,MluCI
AccI,MluI
AccI,MreI
AccI,MscI
AccI,MseI
AccI,MspA1I
AccI,MspI
AccI,MssI
AccI,MunI
AccI,NaeI
AccI,NarI
AccI,NciI
AccI,NcoI
AccI,NdeI
AccI,NgoMIV
AccI,NheI
AccI,NlaIII
AccI,NotI
AccI,NruI
AccI,NsiI
AccI,NspI
AccI,PacI
AccI,PaeR7I
AccI,PciI
AccI,PluTI
AccI,PpuMI
AccI,PsiI
AccI,PspGI
AccI,PspOMI
AccI,PspXI
AccI,PstI
AccI,PvuI
AccI,PvuII
AccI,RsRII
AccI,RsaI
AccI,SacI
AccI,SacII
AccI,Sau3AI
AccI,Sau96I
AccI,SbfI
AccI,ScaI
AccI,ScrFI
AccI,SexAI
AccI,SfcI
AccI,SgrAI
AccI,SmaI
AccI,SmlI
AccI,SpeI
AccI,SphI
AccI,SrfI
AccI,SspI
AccI,StyD4I
AccI,StyI
AccI,SwaI
AccI,TaiI
AccI,TasI
AccI,TatI
AccI,TauI
AccI,TfiI
AccI,TseI
AccI,Tsp45I
AccI,TspMI
AccI,XbaI
AccI,XhoI
AccI,XmaI
AccI,ZraI
AciI,AclI
AciI,AfeI
AciI,AflII
AciI,AflIII
AciI,AgeI
AciI,AluI
AciI,ApaI
AciI,ApaLI
AciI,ApeKI
AciI,ApoI
AciI,AscI
AciI,AseI
AciI,AsiSI
AciI,AvaI
AciI,AvaII
AciI,AvrII
AciI,BaeGI
AciI,BamHI
AciI,BanI
AciI,BanII
AciI,BbvCI
AciI,BclI
AciI,BfaI
AciI,BfoI
AciI,BglII
AciI,BlpI
AciI,BmgBI
AciI,Bpu10I
AciI,BsaAI
AciI,BsaHI
AciI,BsaWI
AciI,BseSI
AciI,BseYI
AciI,BsiEI
AciI,BsiHKAI
AciI,BsiWI
AciI,BsoBI
AciI,Bsp1286I
AciI,BspDI
AciI,BspEI
AciI,BspHI
AciI,BspOI
AciI,BsrFI
AciI,BsrGI
AciI,BssHII
AciI,BssSI
AciI,BstBI
AciI,BstEII
AciI,BstNI
AciI,BstUI
AciI,BstYI
AciI,BstZ17I
AciI,Bsu36I
AciI,ClaI
AciI,CpoI
AciI,CsiI
AciI,CviKI-1
AciI,CviQI
AciI,DdeI
AciI,DpnI
AciI,DpnII
AciI,DraI
AciI,EaeI
AciI,EagI
AciI,Ecl136II
AciI,Eco105I
AciI,Eco147I
AciI,Eco53kI
AciI,Eco72I
AciI,EcoRI
AciI,EcoRV
AciI,EheI
AciI,FatI
AciI,FseI
AciI,FspAI
AciI,FspI
AciI,HaeII
AciI,HaeIII
AciI,HhaI
AciI,HinP1I
AciI,HincII
AciI,HindIII
AciI,HinfI
AciI,HpaI
AciI,HpaII
AciI,Hpy188I
AciI,Hpy99I
AciI,HpyCH4III
AciI,HpyCH4IV
AciI,HpyCH4V
AciI,KasI
AciI,KpnI
AciI,MboI
AciI,MluCI
AciI,MluI
AciI,MreI
AciI,MscI
AciI,MseI
AciI,MspI
AciI,MssI
AciI,MunI
AciI,NaeI
AciI,NarI
AciI,NciI
AciI,NcoI
AciI,NdeI
AciI,NgoMIV
AciI,NheI
AciI,NlaIII
AciI,NruI
AciI,NsiI
AciI,NspI
AciI,PacI
AciI,PaeR7I
AciI,PciI
AciI,PluTI
AciI,PpuMI
AciI,PsiI
AciI,PspGI
AciI,PspOMI
AciI,PspXI
AciI,PstI
AciI,PvuI
AciI,PvuII
AciI,RsRII
AciI,RsaI
AciI,SacI
AciI,SalI
AciI,Sau3AI
AciI,Sau96I
AciI,SbfI
AciI,ScaI
AciI,ScrFI
AciI,SexAI
AciI,SfcI
AciI,SgrAI
AciI,SgrDI
AciI,SmaI
AciI,SmlI
AciI,SpeI
AciI,SphI
AciI,SrfI
AciI,SspI
AciI,StyD4I
AciI,StyI
AciI,SwaI
AciI,TaiI
AciI,TaqI
AciI,TasI
AciI,TatI
AciI,TfiI
AciI,TseI
AciI,Tsp45I
AciI,TspMI
AciI,XbaI
AciI,XhoI
AciI,XmaI
AciI,ZraI
AclI,AfeI
AclI,AflII
AclI,AflIII
AclI,AgeI
AclI,AluI
AclI,ApaI
AclI,ApaLI
AclI,ApeKI
AclI,ApoI
AclI,AscI
AclI,AseI
AclI,AsiSI
AclI,AvaI
AclI,AvaII
AclI,AvrII
AclI,BaeGI
AclI,BamHI
AclI,BanI
AclI,BanII
AclI,BbvCI
AclI,BclI
AclI,BfaI
AclI,BfoI
AclI,BglII
AclI,BlpI
AclI,BmgBI
AclI,Bpu10I
AclI,BsaAI
AclI,BsaHI
AclI,BsaJI
AclI,BsaWI
AclI,BseSI
AclI,BseYI
AclI,BsiEI
AclI,BsiHKAI
AclI,BsiWI
AclI,BsoBI
AclI,Bsp1286I
AclI,BspDI
AclI,BspEI
AclI,BspHI
AclI,BspOI
AclI,BsrBI
AclI,BsrFI
AclI,BsrGI
AclI,BssHII
AclI,BssSI
AclI,BstBI
AclI,BstEII
AclI,BstNI
AclI,BstUI
AclI,BstYI
AclI,BstZ17I
AclI,Bsu36I
AclI,BtgI
AclI,ClaI
AclI,CpoI
AclI,CsiI
AclI,CviKI-1
AclI,CviQI
AclI,DdeI
AclI,DpnI
AclI,DpnII
AclI,DraI
AclI,EaeI
AclI,EagI
AclI,Ecl136II
AclI,Eco105I
AclI,Eco147I
AclI,Eco53kI
AclI,Eco72I
AclI,EcoRI
AclI,EcoRV
AclI,EheI
AclI,FatI
AclI,Fnu4HI
AclI,FseI
AclI,FspAI
AclI,FspI
AclI,HaeII
AclI,HaeIII
AclI,HhaI
AclI,HinP1I
AclI,HincII
AclI,HindIII
AclI,HinfI
AclI,HpaI
AclI,HpaII
AclI,Hpy188I
AclI,Hpy99I
AclI,HpyCH4III
AclI,HpyCH4V
AclI,KasI
AclI,KpnI
AclI,MboI
AclI,MluCI
AclI,MluI
AclI,MreI
AclI,MscI
AclI,MseI
AclI,MspA1I
AclI,MspI
AclI,MssI
AclI,MunI
AclI,NaeI
AclI,NarI
AclI,NciI
AclI,NcoI
AclI,NdeI
AclI,NgoMIV
AclI,NheI
AclI,NlaIII
AclI,NotI
AclI,NruI
AclI,NsiI
AclI,NspI
AclI,PacI
AclI,PaeR7I
AclI,PciI
AclI,PluTI
AclI,PpuMI
AclI,PsiI
AclI,PspGI
AclI,PspOMI
AclI,PspXI
AclI,PstI
AclI,PvuI
AclI,PvuII
AclI,RsRII
AclI,RsaI
AclI,SacI
AclI,SacII
AclI,SalI
AclI,Sau3AI
AclI,Sau96I
AclI,SbfI
AclI,ScaI
AclI,ScrFI
AclI,SexAI
AclI,SfcI
AclI,SgrAI
AclI,SgrDI
AclI,SmaI
AclI,SmlI
AclI,SpeI
AclI,SphI
AclI,SrfI
AclI,SspI
AclI,StyD4I
AclI,StyI
AclI,SwaI
AclI,TaqI
AclI,TasI
AclI,TatI
AclI,TauI
AclI,TfiI
AclI,TseI
AclI,Tsp45I
AclI,TspMI
AclI,XbaI
AclI,XhoI
AclI,XmaI
AclI,ZraI
AfeI,AflII
AfeI,AflIII
AfeI,AgeI
AfeI,AluI
AfeI,ApaI
AfeI,ApaLI
AfeI,ApeKI
AfeI,ApoI
AfeI,AscI
AfeI,AseI
AfeI,AsiSI
AfeI,AvaI
AfeI,AvaII
AfeI,AvrII
AfeI,BaeGI
AfeI,BamHI
AfeI,BanI
AfeI,BanII
AfeI,BbvCI
AfeI,BclI
AfeI,BfaI
AfeI,BglII
AfeI,BlpI
AfeI,BmgBI
AfeI,Bpu10I
AfeI,BsaAI
AfeI,BsaHI
AfeI,BsaJI
AfeI,BsaWI
AfeI,BseSI
AfeI,BseYI
AfeI,BsiEI
AfeI,BsiHKAI
AfeI,BsiWI
AfeI,BsoBI
AfeI,Bsp1286I
AfeI,BspDI
AfeI,BspEI
AfeI,BspHI
AfeI,BspOI
AfeI,BsrBI
AfeI,BsrFI
AfeI,BsrGI
AfeI,BssHII
AfeI,BssSI
AfeI,BstBI
AfeI,BstEII
AfeI,BstNI
AfeI,BstUI
AfeI,BstYI
AfeI,BstZ17I
AfeI,Bsu36I
AfeI,BtgI
AfeI,ClaI
AfeI,CpoI
AfeI,CsiI
AfeI,CviKI-1
AfeI,CviQI
AfeI,DdeI
AfeI,DpnI
AfeI,DpnII
AfeI,DraI
AfeI,EaeI
AfeI,EagI
AfeI,Ecl136II
AfeI,Eco105I
AfeI,Eco147I
AfeI,Eco53kI
AfeI,Eco72I
AfeI,EcoRI
AfeI,EcoRV
AfeI,EheI
AfeI,FatI
AfeI,Fnu4HI
AfeI,FseI
AfeI,FspAI
AfeI,FspI
AfeI,HaeIII
AfeI,HincII
AfeI,HindIII
AfeI,HinfI
AfeI,HpaI
AfeI,HpaII
AfeI,Hpy188I
AfeI,Hpy99I
AfeI,HpyCH4III
AfeI,HpyCH4IV
AfeI,HpyCH4V
AfeI,KasI
AfeI,KpnI
AfeI,MboI
AfeI,MluCI
AfeI,MluI
AfeI,MreI
AfeI,MscI
AfeI,MseI
AfeI,MspA1I
AfeI,MspI
AfeI,MssI
AfeI,MunI
AfeI,NaeI
AfeI,NarI
AfeI,NciI
AfeI,NcoI
AfeI,NdeI
AfeI,NgoMIV
AfeI,NheI
AfeI,NlaIII
AfeI,NotI
AfeI,NruI
AfeI,NsiI
AfeI,NspI
AfeI,PacI
AfeI,PaeR7I
AfeI,PciI
AfeI,PluTI
AfeI,PpuMI
AfeI,PsiI
AfeI,PspGI
AfeI,PspOMI
AfeI,PspXI
AfeI,PstI
AfeI,PvuI
AfeI,PvuII
AfeI,RsRII
AfeI,RsaI
AfeI,SacI
AfeI,SacII
AfeI,SalI
AfeI,Sau3AI
AfeI,Sau96I
AfeI,SbfI
AfeI,ScaI
AfeI,ScrFI
AfeI,SexAI
AfeI,SfcI
AfeI,SgrAI
AfeI,SgrDI
AfeI,SmaI
AfeI,SmlI
AfeI,SpeI
AfeI,SphI
AfeI,SrfI
AfeI,SspI
AfeI,StyD4I
AfeI,StyI
AfeI,SwaI
AfeI,TaiI
AfeI,TaqI
AfeI,TasI
AfeI,TatI
AfeI,TauI
AfeI,TfiI
AfeI,TseI
AfeI,Tsp45I
AfeI,TspMI
AfeI,XbaI
AfeI,XhoI
AfeI,XmaI
AfeI,ZraI
AflII,AflIII
AflII,AgeI
AflII,AluI
AflII,ApaI
AflII,ApaLI
AflII,ApeKI
AflII,ApoI
AflII,AscI
AflII,AseI
AflII,AsiSI
AflII,AvaI
AflII,AvaII
AflII,AvrII
AflII,BaeGI
AflII,BamHI
AflII,BanI
AflII,BanII
AflII,BbvCI
AflII,BclI
AflII,BfaI
AflII,BfoI
AflII,BglII
AflII,BlpI
AflII,BmgBI
AflII,Bpu10I
AflII,BsaAI
AflII,BsaHI
AflII,BsaJI
AflII,BsaWI
AflII,BseSI
AflII,BseYI
AflII,BsiEI
AflII,BsiHKAI
AflII,BsiWI
AflII,BsoBI
AflII,Bsp1286I
AflII,BspDI
AflII,BspEI
AflII,BspHI
AflII,BspOI
AflII,BsrBI
AflII,BsrFI
AflII,BsrGI
AflII,BssHII
AflII,BssSI
AflII,BstBI
AflII,BstEII
AflII,BstNI
AflII,BstUI
AflII,BstYI
AflII,BstZ17I
AflII,Bsu36I
AflII,BtgI
AflII,ClaI
AflII,CpoI
AflII,CsiI
AflII,CviKI-1
AflII,CviQI
AflII,DdeI
AflII,DpnI
AflII,DpnII
AflII,DraI
AflII,EaeI
AflII,EagI
AflII,Ecl136II
AflII,Eco105I
AflII,Eco147I
AflII,Eco53kI
AflII,Eco72I
AflII,EcoRI
AflII,EcoRV
AflII,EheI
AflII,FatI
AflII,Fnu4HI
AflII,FseI
AflII,FspAI
AflII,FspI
AflII,HaeII
AflII,HaeIII
AflII,HhaI
AflII,HinP1I
AflII,HincII
AflII,HindIII
AflII,HinfI
AflII,HpaI
AflII,HpaII
AflII,Hpy188I
AflII,Hpy99I
AflII,HpyCH4III
AflII,HpyCH4IV
AflII,HpyCH4V
AflII,KasI
AflII,KpnI
AflII,MboI
AflII,MluCI
AflII,MluI
AflII,MreI
AflII,MscI
AflII,MspA1I
AflII,MspI
AflII,MssI
AflII,MunI
AflII,NaeI
AflII,NarI
AflII,NciI
AflII,NcoI
AflII,NdeI
AflII,NgoMIV
AflII,NheI
AflII,NlaIII
AflII,NotI
AflII,NruI
AflII,NsiI
AflII,NspI
AflII,PacI
AflII,PaeR7I
AflII,PciI
AflII,PluTI
AflII,PpuMI
AflII,PsiI
AflII,PspGI
AflII,PspOMI
AflII,PspXI
AflII,PstI
AflII,PvuI
AflII,PvuII
AflII,RsRII
AflII,RsaI
AflII,SacI
AflII,SacII
AflII,SalI
AflII,Sau3AI
AflII,Sau96I
AflII,SbfI
AflII,ScaI
AflII,ScrFI
AflII,SexAI
AflII,SfcI
AflII,SgrAI
AflII,SgrDI
AflII,SmaI
AflII,SpeI
AflII,SphI
AflII,SrfI
AflII,SspI
AflII,StyD4I
AflII,StyI
AflII,SwaI
AflII,TaiI
AflII,TaqI
AflII,TasI
AflII,TatI
AflII,TauI
AflII,TfiI
AflII,TseI
AflII,Tsp45I
AflII,TspMI
AflII,XbaI
AflII,XhoI
AflII,XmaI
AflII,ZraI
AflIII,AgeI
AflIII,AluI
AflIII,ApaI
AflIII,ApaLI
AflIII,ApeKI
AflIII,ApoI
AflIII,AscI
AflIII,AseI
AflIII,AsiSI
AflIII,AvaI
AflIII,AvaII
AflIII,AvrII
AflIII,BaeGI
AflIII,BamHI
AflIII,BanI
AflIII,BanII
AflIII,BbvCI
AflIII,BclI
AflIII,BfaI
AflIII,BfoI
AflIII,BglII
AflIII,BlpI
AflIII,BmgBI
AflIII,Bpu10I
AflIII,BsaAI
AflIII,BsaHI
AflIII,BsaJI
AflIII,BsaWI
AflIII,BseSI
AflIII,BseYI
AflIII,BsiEI
AflIII,BsiHKAI
AflIII,BsiWI
AflIII,BsoBI
AflIII,Bsp1286I
AflIII,BspDI
AflIII,BspEI
AflIII,BspHI
AflIII,BspOI
AflIII,BsrBI
AflIII,BsrFI
AflIII,BsrGI
AflIII,BssHII
AflIII,BssSI
AflIII,BstBI
AflIII,BstEII
AflIII,BstNI
AflIII,BstYI
AflIII,BstZ17I
AflIII,Bsu36I
AflIII,BtgI
AflIII,ClaI
AflIII,CpoI
AflIII,CsiI
AflIII,CviKI-1
AflIII,CviQI
AflIII,DdeI
AflIII,DpnI
AflIII,DpnII
AflIII,DraI
AflIII,EaeI
AflIII,EagI
AflIII,Ecl136II
AflIII,Eco105I
AflIII,Eco147I
AflIII,Eco53kI
AflIII,Eco72I
AflIII,EcoRI
AflIII,EcoRV
AflIII,EheI
AflIII,Fnu4HI
AflIII,FseI
AflIII,FspAI
AflIII,FspI
AflIII,HaeII
AflIII,HaeIII
AflIII,HhaI
AflIII,HinP1I
AflIII,HincII
AflIII,HindIII
AflIII,HinfI
AflIII,HpaI
AflIII,HpaII
AflIII,Hpy188I
AflIII,Hpy99I
AflIII,HpyCH4III
AflIII,HpyCH4V
AflIII,KasI
AflIII,KpnI
AflIII,MboI
AflIII,MluCI
AflIII,MreI
AflIII,MscI
AflIII,MseI
AflIII,MspA1I
AflIII,MspI
AflIII,MssI
AflIII,MunI
AflIII,NaeI
AflIII,NarI
AflIII,NciI
AflIII,NcoI
AflIII,NdeI
AflIII,NgoMIV
AflIII,NheI
AflIII,NotI
AflIII,NruI
AflIII,NsiI
AflIII,PacI
AflIII,PaeR7I
AflIII,PluTI
AflIII,PpuMI
AflIII,PsiI
AflIII,PspGI
AflIII,PspOMI
AflIII,PspXI
AflIII,PstI
AflIII,PvuI
AflIII,PvuII
AflIII,RsRII
AflIII,RsaI
AflIII,SacI
AflIII,SacII
AflIII,SalI
AflIII,Sau3AI
AflIII,Sau96I
AflIII,SbfI
AflIII,ScaI
AflIII,ScrFI
AflIII,SexAI
AflIII,SfcI
AflIII,SgrAI
AflIII,SgrDI
AflIII,SmaI
AflIII,SmlI
AflIII,SpeI
AflIII,SphI
AflIII,SrfI
AflIII,SspI
AflIII,StyD4I
AflIII,StyI
AflIII,SwaI
AflIII,TaqI
AflIII,TasI
AflIII,TatI
AflIII,TauI
AflIII,TfiI
AflIII,TseI
AflIII,Tsp45I
AflIII,TspMI
AflIII,XbaI
AflIII,XhoI
AflIII,XmaI
AflIII,ZraI
AgeI,AluI
AgeI,ApaI
AgeI,ApaLI
AgeI,ApeKI
AgeI,ApoI
AgeI,AscI
AgeI,AseI
AgeI,AsiSI
AgeI,AvaI
AgeI,AvaII
AgeI,AvrII
AgeI,BaeGI
AgeI,BamHI
AgeI,BanI
AgeI,BanII
AgeI,BbvCI
AgeI,BclI
AgeI,BfaI
AgeI,BfoI
AgeI,BglII
AgeI,BlpI
AgeI,BmgBI
AgeI,Bpu10I
AgeI,BsaAI
AgeI,BsaHI
AgeI,BsaJI
AgeI,BseSI
AgeI,BseYI
AgeI,BsiEI
AgeI,BsiHKAI
AgeI,BsiWI
AgeI,BsoBI
AgeI,Bsp1286I
AgeI,BspDI
AgeI,BspEI
AgeI,BspHI
AgeI,BspOI
AgeI,BsrBI
AgeI,BsrGI
AgeI,BssHII
AgeI,BssSI
AgeI,BstBI
AgeI,BstEII
AgeI,BstNI
AgeI,BstUI
AgeI,BstYI
AgeI,BstZ17I
AgeI,Bsu36I
AgeI,BtgI
AgeI,ClaI
AgeI,CpoI
AgeI,CsiI
AgeI,CviKI-1
AgeI,CviQI
AgeI,DdeI
AgeI,DpnI
AgeI,DpnII
AgeI,DraI
AgeI,EaeI
AgeI,EagI
AgeI,Ecl136II
AgeI,Eco105I
AgeI,Eco147I
AgeI,Eco53kI
AgeI,Eco72I
AgeI,EcoRI
AgeI,EcoRV
AgeI,EheI
AgeI,FatI
AgeI,Fnu4HI
AgeI,FseI
AgeI,FspAI
AgeI,FspI
AgeI,HaeII
AgeI,HaeIII
AgeI,HhaI
AgeI,HinP1I
AgeI,HincII
AgeI,HindIII
AgeI,HinfI
AgeI,HpaI
AgeI,Hpy188I
AgeI,Hpy99I
AgeI,HpyCH4III
AgeI,HpyCH4IV
AgeI,HpyCH4V
AgeI,KasI
AgeI,KpnI
AgeI,MboI
AgeI,MluCI
AgeI,MluI
AgeI,MreI
AgeI,MscI
AgeI,MseI
AgeI,MspA1I
AgeI,MssI
AgeI,MunI
AgeI,NaeI
AgeI,NarI
AgeI,NciI
AgeI,NcoI
AgeI,NdeI
AgeI,NgoMIV
AgeI,NheI
AgeI,NlaIII
AgeI,NotI
AgeI,NruI
AgeI,NsiI
AgeI,NspI
AgeI,PacI
AgeI,PaeR7I
AgeI,PciI
AgeI,PluTI
AgeI,PpuMI
AgeI,PsiI
AgeI,PspGI
AgeI,PspOMI
AgeI,PspXI
AgeI,PstI
AgeI,PvuI
AgeI,PvuII
AgeI,RsRII
AgeI,RsaI
AgeI,SacI
AgeI,SacII
AgeI,SalI
AgeI,Sau3AI
AgeI,Sau96I
AgeI,SbfI
AgeI,ScaI
AgeI,ScrFI
AgeI,SexAI
AgeI,SfcI
AgeI,SgrDI
AgeI,SmaI
AgeI,SmlI
AgeI,SpeI
AgeI,SphI
AgeI,SrfI
AgeI,SspI
AgeI,StyD4I
AgeI,StyI
AgeI,SwaI
AgeI,TaiI
AgeI,TaqI
AgeI,TasI
AgeI,TatI
AgeI,TauI
AgeI,TfiI
AgeI,TseI
AgeI,Tsp45I
AgeI,TspMI
AgeI,XbaI
AgeI,XhoI
AgeI,XmaI
AgeI,ZraI
AluI,ApaI
AluI,ApaLI
AluI,ApeKI
AluI,ApoI
AluI,AscI
AluI,AseI
AluI,AsiSI
AluI,AvaI
AluI,AvaII
AluI,AvrII
AluI,BaeGI
AluI,BamHI
AluI,BanI
AluI,BbvCI
AluI,BclI
AluI,BfaI
AluI,BfoI
AluI,BglII
AluI,BlpI
AluI,BmgBI
AluI,Bpu10I
AluI,BsaAI
AluI,BsaHI
AluI,BsaJI
AluI,BsaWI
AluI,BseSI
AluI,BseYI
AluI,BsiEI
AluI,BsiWI
AluI,BsoBI
AluI,BspDI
AluI,BspEI
AluI,BspHI
AluI,BspOI
AluI,BsrBI
AluI,BsrFI
AluI,BsrGI
AluI,BssHII
AluI,BssSI
AluI,BstBI
AluI,BstEII
AluI,BstNI
AluI,BstUI
AluI,BstYI
AluI,BstZ17I
AluI,Bsu36I
AluI,BtgI
AluI,ClaI
AluI,CpoI
AluI,CsiI
AluI,CviQI
AluI,DdeI
AluI,DpnI
AluI,DpnII
AluI,DraI
AluI,EaeI
AluI,EagI
AluI,Eco105I
AluI,Eco147I
AluI,Eco72I
AluI,EcoRI
AluI,EcoRV
AluI,EheI
AluI,FatI
AluI,Fnu4HI
AluI,FseI
AluI,FspAI
AluI,FspI
AluI,HaeII
AluI,HaeIII
AluI,HhaI
AluI,HinP1I
AluI,HincII
AluI,HinfI
AluI,HpaI
AluI,HpaII
AluI,Hpy188I
AluI,Hpy99I
AluI,HpyCH4III
AluI,HpyCH4IV
AluI,HpyCH4V
AluI,KasI
AluI,KpnI
AluI,MboI
AluI,MluCI
AluI,MluI
AluI,MreI
AluI,MscI
AluI,MseI
AluI,MspI
AluI,MssI
AluI,MunI
AluI,NaeI
AluI,NarI
AluI,NciI
AluI,NcoI
AluI,NdeI
AluI,NgoMIV
AluI,NheI
AluI,NlaIII
AluI,NotI
AluI,NruI
AluI,NsiI
AluI,NspI
AluI,PacI
AluI,PaeR7I
AluI,PciI
AluI,PluTI
AluI,PpuMI
AluI,PsiI
AluI,PspGI
AluI,PspOMI
AluI,PspXI
AluI,PstI
AluI,PvuI
AluI,RsRII
AluI,RsaI
AluI,SacII
AluI,SalI
AluI,Sau3AI
AluI,Sau96I
AluI,SbfI
AluI,ScaI
AluI,ScrFI
AluI,SexAI
AluI,SfcI
AluI,SgrAI
AluI,SgrDI
AluI,SmaI
AluI,SmlI
AluI,SpeI
AluI,SphI
AluI,SrfI
AluI,SspI
AluI,StyD4I
AluI,StyI
AluI,SwaI
AluI,TaiI
AluI,TaqI
AluI,TasI
AluI,TatI
AluI,TauI
AluI,TfiI
AluI,TseI
AluI,Tsp45I
AluI,TspMI
AluI,XbaI
AluI,XhoI
AluI,XmaI
AluI,ZraI
ApaI,ApaLI
ApaI,ApeKI
ApaI,ApoI
ApaI,AscI
ApaI,AseI
ApaI,AsiSI
ApaI,AvaI
ApaI,AvaII
ApaI,AvrII
ApaI,BamHI
ApaI,BanI
ApaI,BbvCI
ApaI,BclI
ApaI,BfaI
ApaI,BfoI
ApaI,BglII
ApaI,BlpI
ApaI,BmgBI
ApaI,Bpu10I
ApaI,BsaAI
ApaI,BsaHI
ApaI,BsaJI
ApaI,BsaWI
ApaI,BseYI
ApaI,BsiEI
ApaI,BsiHKAI
ApaI,BsiWI
ApaI,BsoBI
ApaI,BspDI
ApaI,BspEI
ApaI,BspHI
ApaI,BspOI
ApaI,BsrBI
ApaI,BsrFI
ApaI,BsrGI
ApaI,BssHII
ApaI,BssSI
ApaI,BstBI
ApaI,BstEII
ApaI,BstNI
ApaI,BstUI
ApaI,BstYI
ApaI,BstZ17I
ApaI,Bsu36I
ApaI,BtgI
ApaI,ClaI
ApaI,CpoI
ApaI,CsiI
ApaI,CviQI
ApaI,DdeI
ApaI,DpnI
ApaI,DpnII
ApaI,DraI
ApaI,EaeI
ApaI,EagI
ApaI,Ecl136II
ApaI,Eco105I
ApaI,Eco147I
ApaI,Eco53kI
ApaI,Eco72I
ApaI,EcoRI
ApaI,EcoRV
ApaI,EheI
ApaI,FatI
ApaI,Fnu4HI
ApaI,FseI
ApaI,FspAI
ApaI,FspI
ApaI,HaeII
ApaI,HhaI
ApaI,HinP1I
ApaI,HincII
ApaI,HindIII
ApaI,HinfI
ApaI,HpaI
ApaI,HpaII
ApaI,Hpy188I
ApaI,Hpy99I
ApaI,HpyCH4III
ApaI,HpyCH4IV
ApaI,HpyCH4V
ApaI,KasI
ApaI,KpnI
ApaI,MboI
ApaI,MluCI
ApaI,MluI
ApaI,MreI
ApaI,MscI
ApaI,MseI
ApaI,MspA1I
ApaI,MspI
ApaI,MssI
ApaI,MunI
ApaI,NaeI
ApaI,NarI
ApaI,NciI
ApaI,NcoI
ApaI,NdeI
ApaI,NgoMIV
ApaI,NheI
ApaI,NlaIII
ApaI,NotI
ApaI,NruI
ApaI,NsiI
ApaI,NspI
ApaI,PacI
ApaI,PaeR7I
ApaI,PciI
ApaI,PluTI
ApaI,PpuMI
ApaI,PsiI
ApaI,PspGI
ApaI,PspXI
ApaI,PstI
ApaI,PvuI
ApaI,PvuII
ApaI,RsRII
ApaI,RsaI
ApaI,SacI
ApaI,SacII
ApaI,SalI
ApaI,Sau3AI
ApaI,SbfI
ApaI,ScaI
ApaI,ScrFI
ApaI,SexAI
ApaI,SfcI
ApaI,SgrAI
ApaI,SgrDI
ApaI,SmaI
ApaI,SmlI
ApaI,SpeI
ApaI,SphI
ApaI,SrfI
ApaI,SspI
ApaI,StyD4I
ApaI,StyI
ApaI,SwaI
ApaI,TaiI
ApaI,TaqI
ApaI,TasI
ApaI,TatI
ApaI,TauI
ApaI,TfiI
ApaI,TseI
ApaI,Tsp45I
ApaI,TspMI
ApaI,XbaI
ApaI,XhoI
ApaI,XmaI
ApaI,ZraI
ApaLI,ApeKI
ApaLI,ApoI
ApaLI,AscI
ApaLI,AseI
ApaLI,AsiSI
ApaLI,AvaI
ApaLI,AvaII
ApaLI,AvrII
ApaLI,BamHI
ApaLI,BanI
ApaLI,BanII
ApaLI,BbvCI
ApaLI,BclI
ApaLI,BfaI
ApaLI,BfoI
ApaLI,BglII
ApaLI,BlpI
ApaLI,BmgBI
ApaLI,Bpu10I
ApaLI,BsaAI
ApaLI,BsaHI
ApaLI,BsaJI
ApaLI,BsaWI
ApaLI,BseYI
ApaLI,BsiEI
ApaLI,BsiWI
ApaLI,BsoBI
ApaLI,BspDI
ApaLI,BspEI
ApaLI,BspHI
ApaLI,BspOI
ApaLI,BsrBI
ApaLI,BsrFI
ApaLI,BsrGI
ApaLI,BssHII
ApaLI,BssSI
ApaLI,BstBI
ApaLI,BstEII
ApaLI,BstNI
ApaLI,BstUI
ApaLI,BstYI
ApaLI,BstZ17I
ApaLI,Bsu36I
ApaLI,BtgI
ApaLI,ClaI
ApaLI,CpoI
ApaLI,CsiI
ApaLI,CviKI-1
ApaLI,CviQI
ApaLI,DdeI
ApaLI,DpnI
ApaLI,DpnII
ApaLI,DraI
ApaLI,EaeI
ApaLI,EagI
ApaLI,Ecl136II
ApaLI,Eco105I
ApaLI,Eco147I
ApaLI,Eco53kI
ApaLI,Eco72I
ApaLI,EcoRI
ApaLI,EcoRV
ApaLI,EheI
ApaLI,FatI
ApaLI,Fnu4HI
ApaLI,FseI
ApaLI,FspAI
ApaLI,FspI
ApaLI,HaeII
ApaLI,HaeIII
ApaLI,HhaI
ApaLI,HinP1I
ApaLI,HincII
ApaLI,HindIII
ApaLI,HinfI
ApaLI,HpaI
ApaLI,HpaII
ApaLI,Hpy188I
ApaLI,Hpy99I
ApaLI,HpyCH4III
ApaLI,HpyCH4IV
ApaLI,KasI
ApaLI,KpnI
ApaLI,MboI
ApaLI,MluCI
ApaLI,MluI
ApaLI,MreI
ApaLI,MscI
ApaLI,MseI
ApaLI,MspA1I
ApaLI,MspI
ApaLI,MssI
ApaLI,MunI
ApaLI,NaeI
ApaLI,NarI
ApaLI,NciI
ApaLI,NcoI
ApaLI,NdeI
ApaLI,NgoMIV
ApaLI,NheI
ApaLI,NlaIII
ApaLI,NotI
ApaLI,NruI
ApaLI,NsiI
ApaLI,NspI
ApaLI,PacI
ApaLI,PaeR7I
ApaLI,PciI
ApaLI,PluTI
ApaLI,PpuMI
ApaLI,PsiI
ApaLI,PspGI
ApaLI,PspOMI
ApaLI,PspXI
ApaLI,PstI
ApaLI,PvuI
ApaLI,PvuII
ApaLI,RsRII
ApaLI,RsaI
ApaLI,SacI
ApaLI,SacII
ApaLI,SalI
ApaLI,Sau3AI
ApaLI,Sau96I
ApaLI,SbfI
ApaLI,ScaI
ApaLI,ScrFI
ApaLI,SexAI
ApaLI,SfcI
ApaLI,SgrAI
ApaLI,SgrDI
ApaLI,SmaI
ApaLI,SmlI
ApaLI,SpeI
ApaLI,SphI
ApaLI,SrfI
ApaLI,SspI
ApaLI,StyD4I
ApaLI,StyI
ApaLI,SwaI
ApaLI,TaiI
ApaLI,TaqI
ApaLI,TasI
ApaLI,TatI
ApaLI,TauI
ApaLI,TfiI
ApaLI,TseI
ApaLI,Tsp45I
ApaLI,TspMI
ApaLI,XbaI
ApaLI,XhoI
ApaLI,XmaI
ApaLI,ZraI
ApeKI,ApoI
ApeKI,AscI
ApeKI,AseI
ApeKI,AsiSI
ApeKI,AvaI
ApeKI,AvaII
ApeKI,AvrII
ApeKI,BaeGI
ApeKI,BamHI
ApeKI,BanI
ApeKI,BanII
ApeKI,BbvCI
ApeKI,BclI
ApeKI,BfaI
ApeKI,BfoI
ApeKI,BglII
ApeKI,BlpI
ApeKI,BmgBI
ApeKI,Bpu10I
ApeKI,BsaAI
ApeKI,BsaHI
ApeKI,BsaJI
ApeKI,BsaWI
ApeKI,BseSI
ApeKI,BseYI
ApeKI,BsiEI
ApeKI,BsiHKAI
ApeKI,BsiWI
ApeKI,BsoBI
ApeKI,Bsp1286I
ApeKI,BspDI
ApeKI,BspEI
ApeKI,BspHI
ApeKI,BspOI
ApeKI,BsrBI
ApeKI,BsrFI
ApeKI,BsrGI
ApeKI,BssHII
ApeKI,BssSI
ApeKI,BstBI
ApeKI,BstEII
ApeKI,BstNI
ApeKI,BstUI
ApeKI,BstYI
ApeKI,BstZ17I
ApeKI,Bsu36I
ApeKI,BtgI
ApeKI,ClaI
ApeKI,CpoI
ApeKI,CsiI
ApeKI,CviKI-1
ApeKI,CviQI
ApeKI,DdeI
ApeKI,DpnI
ApeKI,DpnII
ApeKI,DraI
ApeKI,EaeI
ApeKI,EagI
ApeKI,Ecl136II
ApeKI,Eco105I
ApeKI,Eco147I
ApeKI,Eco53kI
ApeKI,Eco72I
ApeKI,EcoRI
ApeKI,EcoRV
ApeKI,EheI
ApeKI,FatI
ApeKI,FseI
ApeKI,FspAI
ApeKI,FspI
ApeKI,HaeII
ApeKI,HaeIII
ApeKI,HhaI
ApeKI,HinP1I
ApeKI,HincII
ApeKI,HindIII
ApeKI,HinfI
ApeKI,HpaI
ApeKI,HpaII
ApeKI,Hpy188I
ApeKI,Hpy99I
ApeKI,HpyCH4III
ApeKI,HpyCH4IV
ApeKI,HpyCH4V
ApeKI,KasI
ApeKI,KpnI
ApeKI,MboI
ApeKI,MluCI
ApeKI,MluI
ApeKI,MreI
ApeKI,MscI
ApeKI,MseI
ApeKI,MspA1I
ApeKI,MspI
ApeKI,MssI
ApeKI,MunI
ApeKI,NaeI
ApeKI,NarI
ApeKI,NciI
ApeKI,NcoI
ApeKI,NdeI
ApeKI,NgoMIV
ApeKI,NheI
ApeKI,NlaIII
ApeKI,NotI
ApeKI,NruI
ApeKI,NsiI
ApeKI,NspI
ApeKI,PacI
ApeKI,PaeR7I
ApeKI,PciI
ApeKI,PluTI
ApeKI,PpuMI
ApeKI,PsiI
ApeKI,PspGI
ApeKI,PspOMI
ApeKI,PspXI
ApeKI,PstI
ApeKI,PvuI
ApeKI,PvuII
ApeKI,RsRII
ApeKI,RsaI
ApeKI,SacI
ApeKI,SacII
ApeKI,SalI
ApeKI,Sau3AI
ApeKI,Sau96I
ApeKI,SbfI
ApeKI,ScaI
ApeKI,ScrFI
ApeKI,SexAI
ApeKI,SfcI
ApeKI,SgrAI
ApeKI,SgrDI
ApeKI,SmaI
ApeKI,SmlI
ApeKI,SpeI
ApeKI,SphI
ApeKI,SrfI
ApeKI,SspI
ApeKI,StyD4I
ApeKI,StyI
ApeKI,SwaI
ApeKI,TaiI
ApeKI,TaqI
ApeKI,TasI
ApeKI,TatI
ApeKI,TauI
ApeKI,TfiI
ApeKI,Tsp45I
ApeKI,TspMI
ApeKI,XbaI
ApeKI,XhoI
ApeKI,XmaI
ApeKI,ZraI
ApoI,AscI
ApoI,AseI
ApoI,AsiSI
ApoI,AvaI
ApoI,AvaII
ApoI,AvrII
ApoI,BaeGI
ApoI,BamHI
ApoI,BanI
ApoI,BanII
ApoI,BbvCI
ApoI,BclI
ApoI,BfaI
ApoI,BfoI
ApoI,BglII
ApoI,BlpI
ApoI,BmgBI
ApoI,Bpu10I
ApoI,BsaAI
ApoI,BsaHI
ApoI,BsaJI
ApoI,BsaWI
ApoI,BseSI
ApoI,BseYI
ApoI,BsiEI
ApoI,BsiHKAI
ApoI,BsiWI
ApoI,BsoBI
ApoI,Bsp1286I
ApoI,BspDI
ApoI,BspEI
ApoI,BspHI
ApoI,BspOI
ApoI,BsrBI
ApoI,BsrFI
ApoI,BsrGI
ApoI,BssHII
ApoI,BssSI
ApoI,BstBI
ApoI,BstEII
ApoI,BstNI
ApoI,BstUI
ApoI,BstYI
ApoI,BstZ17I
ApoI,Bsu36I
ApoI,BtgI
ApoI,ClaI
ApoI,CpoI
ApoI,CsiI
ApoI,CviKI-1
ApoI,CviQI
ApoI,DdeI
ApoI,DpnII
ApoI,DraI
ApoI,EaeI
ApoI,EagI
ApoI,Ecl136II
ApoI,Eco105I
ApoI,Eco147I
ApoI,Eco53kI
ApoI,Eco72I
ApoI,EcoRV
ApoI,EheI
ApoI,FatI
ApoI,Fnu4HI
ApoI,FseI
ApoI,FspAI
ApoI,FspI
ApoI,HaeII
ApoI,HaeIII
ApoI,HhaI
ApoI,HinP1I
ApoI,HincII
ApoI,HindIII
ApoI,HinfI
ApoI,HpaI
ApoI,HpaII
ApoI,Hpy188I
ApoI,Hpy99I
ApoI,HpyCH4III
ApoI,HpyCH4IV
ApoI,HpyCH4V
ApoI,KasI
ApoI,KpnI
ApoI,MboI
ApoI,MluI
ApoI,MreI
ApoI,MscI
ApoI,MseI
ApoI,MspA1I
ApoI,MspI
ApoI,MssI
ApoI,MunI
ApoI,NaeI
ApoI,NarI
ApoI,NciI
ApoI,NcoI
ApoI,NdeI
ApoI,NgoMIV
ApoI,NheI
ApoI,NlaIII
ApoI,NotI
ApoI,NruI
ApoI,NsiI
ApoI,NspI
ApoI,PacI
ApoI,PaeR7I
ApoI,PciI
ApoI,PluTI
ApoI,PpuMI
ApoI,PsiI
ApoI,PspGI
ApoI,PspOMI
ApoI,PspXI
ApoI,PstI
ApoI,PvuI
ApoI,PvuII
ApoI,RsRII
ApoI,RsaI
ApoI,SacI
ApoI,SacII
ApoI,SalI
ApoI,Sau3AI
ApoI,Sau96I
ApoI,SbfI
ApoI,ScaI
ApoI,ScrFI
ApoI,SexAI
ApoI,SfcI
ApoI,SgrAI
ApoI,SgrDI
ApoI,SmaI
ApoI,SmlI
ApoI,SpeI
ApoI,SphI
ApoI,SrfI
ApoI,SspI
ApoI,StyD4I
ApoI,StyI
ApoI,SwaI
ApoI,TaiI
ApoI,TaqI
ApoI,TatI
ApoI,TauI
ApoI,TfiI
ApoI,TseI
ApoI,Tsp45I
ApoI,TspMI
ApoI,XbaI
ApoI,XhoI
ApoI,XmaI
ApoI,ZraI
AscI,AseI
AscI,AsiSI
AscI,AvaI
AscI,AvaII
AscI,AvrII
AscI,BaeGI
AscI,BamHI
AscI,BanI
AscI,BanII
AscI,BbvCI
AscI,BclI
AscI,BfaI
AscI,BfoI
AscI,BglII
AscI,BlpI
AscI,BmgBI
AscI,Bpu10I
AscI,BsaAI
AscI,BsaHI
AscI,BsaJI
AscI,BsaWI
AscI,BseSI
AscI,BseYI
AscI,BsiEI
AscI,BsiHKAI
AscI,BsiWI
AscI,BsoBI
AscI,Bsp1286I
AscI,BspDI
AscI,BspEI
AscI,BspHI
AscI,BspOI
AscI,BsrBI
AscI,BsrFI
AscI,BsrGI
AscI,BssSI
AscI,BstBI
AscI,BstEII
AscI,BstNI
AscI,BstYI
AscI,BstZ17I
AscI,Bsu36I
AscI,BtgI
AscI,ClaI
AscI,CpoI
AscI,CsiI
AscI,CviKI-1
AscI,CviQI
AscI,DdeI
AscI,DpnI
AscI,DpnII
AscI,DraI
AscI,EaeI
AscI,EagI
AscI,Ecl136II
AscI,Eco105I
AscI,Eco147I
AscI,Eco53kI
AscI,Eco72I
AscI,EcoRI
AscI,EcoRV
AscI,EheI
AscI,FatI
AscI,Fnu4HI
AscI,FseI
AscI,FspAI
AscI,FspI
AscI,HaeII
AscI,HaeIII
AscI,HincII
AscI,HindIII
AscI,HinfI
AscI,HpaI
AscI,HpaII
AscI,Hpy188I
AscI,Hpy99I
AscI,HpyCH4III
AscI,HpyCH4IV
AscI,HpyCH4V
AscI,KasI
AscI,KpnI
AscI,MboI
AscI,MluCI
AscI,MluI
AscI,MreI
AscI,MscI
AscI,MseI
AscI,MspA1I
AscI,MspI
AscI,MssI
AscI,MunI
AscI,NaeI
AscI,NarI
AscI,NciI
AscI,NcoI
AscI,NdeI
AscI,NgoMIV
AscI,NheI
AscI,NlaIII
AscI,NotI
AscI,NruI
AscI,NsiI
AscI,NspI
AscI,PacI
AscI,PaeR7I
AscI,PciI
AscI,PluTI
AscI,PpuMI
AscI,PsiI
AscI,PspGI
AscI,PspOMI
AscI,PspXI
AscI,PstI
AscI,PvuI
AscI,PvuII
AscI,RsRII
AscI,RsaI
AscI,SacI
AscI,SacII
AscI,SalI
AscI,Sau3AI
AscI,Sau96I
AscI,SbfI
AscI,ScaI
AscI,ScrFI
AscI,SexAI
AscI,SfcI
AscI,SgrAI
AscI,SgrDI
AscI,SmaI
AscI,SmlI
AscI,SpeI
AscI,SphI
AscI,SrfI
AscI,SspI
AscI,StyD4I
AscI,StyI
AscI,SwaI
AscI,TaiI
AscI,TaqI
AscI,TasI
AscI,TatI
AscI,TauI
AscI,TfiI
AscI,TseI
AscI,Tsp45I
AscI,TspMI
AscI,XbaI
AscI,XhoI
AscI,XmaI
AscI,ZraI
AseI,AsiSI
AseI,AvaI
AseI,AvaII
AseI,AvrII
AseI,BaeGI
AseI,BamHI
AseI,BanI
AseI,BanII
AseI,BbvCI
AseI,BclI
AseI,BfaI
AseI,BfoI
AseI,BglII
AseI,BlpI
AseI,BmgBI
AseI,Bpu10I
AseI,BsaAI
AseI,BsaHI
AseI,BsaJI
AseI,BsaWI
AseI,BseSI
AseI,BseYI
AseI,BsiEI
AseI,BsiHKAI
AseI,BsiWI
AseI,BsoBI
AseI,Bsp1286I
AseI,BspDI
AseI,BspEI
AseI,BspHI
AseI,BspOI
AseI,BsrBI
AseI,BsrFI
AseI,BsrGI
AseI,BssHII
AseI,BssSI
AseI,BstBI
AseI,BstEII
AseI,BstNI
AseI,BstUI
AseI,BstYI
AseI,BstZ17I
AseI,Bsu36I
AseI,BtgI
AseI,ClaI
AseI,CpoI
AseI,CsiI
AseI,CviKI-1
AseI,CviQI
AseI,DdeI
AseI,DpnI
AseI,DpnII
AseI,DraI
AseI,EaeI
AseI,EagI
AseI,Ecl136II
AseI,Eco105I
AseI,Eco147I
AseI,Eco53kI
AseI,Eco72I
AseI,EcoRI
AseI,EcoRV
AseI,EheI
AseI,FatI
AseI,Fnu4HI
AseI,FseI
AseI,FspAI
AseI,FspI
AseI,HaeII
AseI,HaeIII
AseI,HhaI
AseI,HinP1I
AseI,HincII
AseI,HindIII
AseI,HinfI
AseI,HpaI
AseI,HpaII
AseI,Hpy188I
AseI,Hpy99I
AseI,HpyCH4III
AseI,HpyCH4IV
AseI,HpyCH4V
AseI,KasI
AseI,KpnI
AseI,MboI
AseI,MluCI
AseI,MluI
AseI,MreI
AseI,MscI
AseI,MspA1I
AseI,MspI
AseI,MssI
AseI,MunI
AseI,NaeI
AseI,NarI
AseI,NciI
AseI,NcoI
AseI,NdeI
AseI,NgoMIV
AseI,NheI
AseI,NlaIII
AseI,NotI
AseI,NruI
AseI,NsiI
AseI,NspI
AseI,PacI
AseI,PaeR7I
AseI,PciI
AseI,PluTI
AseI,PpuMI
AseI,PsiI
AseI,PspGI
AseI,PspOMI
AseI,PspXI
AseI,PstI
AseI,PvuI
AseI,PvuII
AseI,RsRII
AseI,RsaI
AseI,SacI
AseI,SacII
AseI,SalI
AseI,Sau3AI
AseI,Sau96I
AseI,SbfI
AseI,ScaI
AseI,ScrFI
AseI,SexAI
AseI,SfcI
AseI,SgrAI
AseI,SgrDI
AseI,SmaI
AseI,SmlI
AseI,SpeI
AseI,SphI
AseI,SrfI
AseI,SspI
AseI,StyD4I
AseI,StyI
AseI,SwaI
AseI,TaiI
AseI,TaqI
AseI,TasI
AseI,TatI
AseI,TauI
AseI,TfiI
AseI,TseI
AseI,Tsp45I
AseI,TspMI
AseI,XbaI
AseI,XhoI
AseI,XmaI
AseI,ZraI
AsiSI,AvaI
AsiSI,AvaII
AsiSI,AvrII
AsiSI,BaeGI
AsiSI,BamHI
AsiSI,BanI
AsiSI,BanII
AsiSI,BbvCI
AsiSI,BclI
AsiSI,BfaI
AsiSI,BfoI
AsiSI,BglII
AsiSI,BlpI
AsiSI,BmgBI
AsiSI,Bpu10I
AsiSI,BsaAI
AsiSI,BsaHI
AsiSI,BsaJI
AsiSI,BsaWI
AsiSI,BseSI
AsiSI,BseYI
AsiSI,BsiHKAI
AsiSI,BsiWI
AsiSI,BsoBI
AsiSI,Bsp1286I
AsiSI,BspDI
AsiSI,BspEI
AsiSI,BspHI
AsiSI,BspOI
AsiSI,BsrBI
AsiSI,BsrFI
AsiSI,BsrGI
AsiSI,BssHII
AsiSI,BssSI
AsiSI,BstBI
AsiSI,BstEII
AsiSI,BstNI
AsiSI,BstUI
AsiSI,BstYI
AsiSI,BstZ17I
AsiSI,Bsu36I
AsiSI,BtgI
AsiSI,ClaI
AsiSI,CpoI
AsiSI,CsiI
AsiSI,CviKI-1
AsiSI,CviQI
AsiSI,DdeI
AsiSI,DpnI
AsiSI,DraI
AsiSI,EaeI
AsiSI,EagI
AsiSI,Ecl136II
AsiSI,Eco105I
AsiSI,Eco147I
AsiSI,Eco53kI
AsiSI,Eco72I
AsiSI,EcoRI
AsiSI,EcoRV
AsiSI,EheI
AsiSI,FatI
AsiSI,Fnu4HI
AsiSI,FseI
AsiSI,FspAI
AsiSI,FspI
AsiSI,HaeII
AsiSI,HaeIII
AsiSI,HhaI
AsiSI,HinP1I
AsiSI,HincII
AsiSI,HindIII
AsiSI,HinfI
AsiSI,HpaI
AsiSI,HpaII
AsiSI,Hpy188I
AsiSI,Hpy99I
AsiSI,HpyCH4III
AsiSI,HpyCH4IV
AsiSI,HpyCH4V
AsiSI,KasI
AsiSI,KpnI
AsiSI,MluCI
AsiSI,MluI
AsiSI,MreI
AsiSI,MscI
AsiSI,MseI
AsiSI,MspA1I
AsiSI,MspI
AsiSI,MssI
AsiSI,MunI
AsiSI,NaeI
AsiSI,NarI
AsiSI,NciI
AsiSI,NcoI
AsiSI,NdeI
AsiSI,NgoMIV
AsiSI,NheI
AsiSI,NlaIII
AsiSI,NotI
AsiSI,NruI
AsiSI,NsiI
AsiSI,NspI
AsiSI,PacI
AsiSI,PaeR7I
AsiSI,PciI
AsiSI,PluTI
AsiSI,PpuMI
AsiSI,PsiI
AsiSI,PspGI
AsiSI,PspOMI
AsiSI,PspXI
AsiSI,PstI
AsiSI,PvuII
AsiSI,RsRII
AsiSI,RsaI
AsiSI,SacI
AsiSI,SacII
AsiSI,SalI
AsiSI,Sau96I
AsiSI,SbfI
AsiSI,ScaI
AsiSI,ScrFI
AsiSI,SexAI
AsiSI,SfcI
AsiSI,SgrAI
AsiSI,SgrDI
AsiSI,SmaI
AsiSI,SmlI
AsiSI,SpeI
AsiSI,SphI
AsiSI,SrfI
AsiSI,SspI
AsiSI,StyD4I
AsiSI,StyI
AsiSI,SwaI
AsiSI,TaiI
AsiSI,TaqI
AsiSI,TasI
AsiSI,TatI
AsiSI,TauI
AsiSI,TfiI
AsiSI,TseI
AsiSI,Tsp45I
AsiSI,TspMI
AsiSI,XbaI
AsiSI,XhoI
AsiSI,XmaI
AsiSI,ZraI
AvaI,AvaII
AvaI,AvrII
AvaI,BaeGI
AvaI,BamHI
AvaI,BanI
AvaI,BanII
AvaI,BbvCI
AvaI,BclI
AvaI,BfaI
AvaI,BfoI
AvaI,BglII
AvaI,BlpI
AvaI,BmgBI
AvaI,Bpu10I
AvaI,BsaAI
AvaI,BsaHI
AvaI,BsaWI
AvaI,BseSI
AvaI,BseYI
AvaI,BsiEI
AvaI,BsiHKAI
AvaI,BsiWI
AvaI,Bsp1286I
AvaI,BspDI
AvaI,BspEI
AvaI,BspHI
AvaI,BspOI
AvaI,BsrBI
AvaI,BsrFI
AvaI,BsrGI
AvaI,BssHII
AvaI,BssSI
AvaI,BstBI
AvaI,BstEII
AvaI,BstNI
AvaI,BstUI
AvaI,BstYI
AvaI,BstZ17I
AvaI,Bsu36I
AvaI,BtgI
AvaI,ClaI
AvaI,CpoI
AvaI,CsiI
AvaI,CviKI-1
AvaI,CviQI
AvaI,DdeI
AvaI,DpnI
AvaI,DpnII
AvaI,DraI
AvaI,EaeI
AvaI,EagI
AvaI,Ecl136II
AvaI,Eco105I
AvaI,Eco147I
AvaI,Eco53kI
AvaI,Eco72I
AvaI,EcoRI
AvaI,EcoRV
AvaI,EheI
AvaI,FatI
AvaI,Fnu4HI
AvaI,FseI
AvaI,FspAI
AvaI,FspI
AvaI,HaeII
AvaI,HaeIII
AvaI,HhaI
AvaI,HinP1I
AvaI,HincII
AvaI,HindIII
AvaI,HinfI
AvaI,HpaI
AvaI,Hpy188I
AvaI,Hpy99I
AvaI,HpyCH4III
AvaI,HpyCH4IV
AvaI,HpyCH4V
AvaI,KasI
AvaI,KpnI
AvaI,MboI
AvaI,MluCI
AvaI,MluI
AvaI,MreI
AvaI,MscI
AvaI,MseI
AvaI,MspA1I
AvaI,MssI
AvaI,MunI
AvaI,NaeI
AvaI,NarI
AvaI,NcoI
AvaI,NdeI
AvaI,NgoMIV
AvaI,NheI
AvaI,NlaIII
AvaI,NotI
AvaI,NruI
AvaI,NsiI
AvaI,NspI
AvaI,PacI
AvaI,PciI
AvaI,PluTI
AvaI,PpuMI
AvaI,PsiI
AvaI,PspGI
AvaI,PspOMI
AvaI,PstI
AvaI,PvuI
AvaI,PvuII
AvaI,RsRII
AvaI,RsaI
AvaI,SacI
AvaI,SacII
AvaI,SalI
AvaI,Sau3AI
AvaI,Sau96I
AvaI,SbfI
AvaI,ScaI
AvaI,SexAI
AvaI,SfcI
AvaI,SgrAI
AvaI,SgrDI
AvaI,SpeI
AvaI,SphI
AvaI,SspI
AvaI,StyI
AvaI,SwaI
AvaI,TaiI
AvaI,TasI
AvaI,TatI
AvaI,TauI
AvaI,TfiI
AvaI,TseI
AvaI,Tsp45I
AvaI,XbaI
AvaI,ZraI
AvaII,AvrII
AvaII,BaeGI
AvaII,BamHI
AvaII,BanI
AvaII,BanII
AvaII,BbvCI
AvaII,BclI
AvaII,BfaI
AvaII,BfoI
AvaII,BglII
AvaII,BlpI
AvaII,BmgBI
AvaII,Bpu10I
AvaII,BsaAI
AvaII,BsaHI
AvaII,BsaJI
AvaII,BsaWI
AvaII,BseSI
AvaII,BseYI
AvaII,BsiEI
AvaII,BsiHKAI
AvaII,BsiWI
AvaII,BsoBI
AvaII,Bsp1286I
AvaII,BspDI
AvaII,BspEI
AvaII,BspHI
AvaII,BspOI
AvaII,BsrBI
AvaII,BsrFI
AvaII,BsrGI
AvaII,BssHII
AvaII,BssSI
AvaII,BstBI
AvaII,BstEII
AvaII,BstNI
AvaII,BstUI
AvaII,BstYI
AvaII,BstZ17I
AvaII,Bsu36I
AvaII,BtgI
AvaII,ClaI
AvaII,CpoI
AvaII,CsiI
AvaII,CviKI-1
AvaII,CviQI
AvaII,DdeI
AvaII,DpnI
AvaII,DpnII
AvaII,DraI
AvaII,EaeI
AvaII,EagI
AvaII,Ecl136II
AvaII,Eco105I
AvaII,Eco147I
AvaII,Eco53kI
AvaII,Eco72I
AvaII,EcoRI
AvaII,EcoRV
AvaII,EheI
AvaII,FatI
AvaII,Fnu4HI
AvaII,FseI
AvaII,FspAI
AvaII,FspI
AvaII,HaeII
AvaII,HaeIII
AvaII,HhaI
AvaII,HinP1I
AvaII,HincII
AvaII,HindIII
AvaII,HinfI
AvaII,HpaI
AvaII,HpaII
AvaII,Hpy188I
AvaII,Hpy99I
AvaII,HpyCH4III
AvaII,HpyCH4IV
AvaII,HpyCH4V
AvaII,KasI
AvaII,KpnI
AvaII,MboI
AvaII,MluCI
AvaII,MluI
AvaII,MreI
AvaII,MscI
AvaII,MseI
AvaII,MspA1I
AvaII,MspI
AvaII,MssI
AvaII,MunI
AvaII,NaeI
AvaII,NarI
AvaII,NciI
AvaII,NcoI
AvaII,NdeI
AvaII,NgoMIV
AvaII,NheI
AvaII,NlaIII
AvaII,NotI
AvaII,NruI
AvaII,NsiI
AvaII,NspI
AvaII,PacI
AvaII,PaeR7I
AvaII,PciI
AvaII,PluTI
AvaII,PsiI
AvaII,PspGI
AvaII,PspOMI
AvaII,PspXI
AvaII,PstI
AvaII,PvuI
AvaII,PvuII
AvaII,RsaI
AvaII,SacI
AvaII,SacII
AvaII,SalI
AvaII,Sau3AI
AvaII,SbfI
AvaII,ScaI
AvaII,ScrFI
AvaII,SexAI
AvaII,SfcI
AvaII,SgrAI
AvaII,SgrDI
AvaII,SmaI
AvaII,SmlI
AvaII,SpeI
AvaII,SphI
AvaII,SrfI
AvaII,SspI
AvaII,StyD4I
AvaII,StyI
AvaII,SwaI
AvaII,TaiI
AvaII,TaqI
AvaII,TasI
AvaII,TatI
AvaII,TauI
AvaII,TfiI
AvaII,TseI
AvaII,Tsp45I
AvaII,TspMI
AvaII,XbaI
AvaII,XhoI
AvaII,XmaI
AvaII,ZraI
AvrII,BaeGI
AvrII,BamHI
AvrII,BanI
AvrII,BanII
AvrII,BbvCI
AvrII,BclI
AvrII,BfoI
AvrII,BglII
AvrII,BlpI
AvrII,BmgBI
AvrII,Bpu10I
AvrII,BsaAI
AvrII,BsaHI
AvrII,BsaWI
AvrII,BseSI
AvrII,BseYI
AvrII,BsiEI
AvrII,BsiHKAI
AvrII,BsiWI
AvrII,BsoBI
AvrII,Bsp1286I
AvrII,BspDI
AvrII,BspEI
AvrII,BspHI
AvrII,BspOI
AvrII,BsrBI
AvrII,BsrFI
AvrII,BsrGI
AvrII,BssHII
AvrII,BssSI
AvrII,BstBI
AvrII,BstEII
AvrII,BstNI
AvrII,BstUI
AvrII,BstYI
AvrII,BstZ17I
AvrII,Bsu36I
AvrII,BtgI
AvrII,ClaI
AvrII,CpoI
AvrII,CsiI
AvrII,CviKI-1
AvrII,CviQI
AvrII,DdeI
AvrII,DpnI
AvrII,DpnII
AvrII,DraI
AvrII,EaeI
AvrII,EagI
AvrII,Ecl136II
AvrII,Eco105I
AvrII,Eco147I
AvrII,Eco53kI
AvrII,Eco72I
AvrII,EcoRI
AvrII,EcoRV
AvrII,EheI
AvrII,FatI
AvrII,Fnu4HI
AvrII,FseI
AvrII,FspAI
AvrII,FspI
AvrII,HaeII
AvrII,HaeIII
AvrII,HhaI
AvrII,HinP1I
AvrII,HincII
AvrII,HindIII
AvrII,HinfI
AvrII,HpaI
AvrII,HpaII
AvrII,Hpy188I
AvrII,Hpy99I
AvrII,HpyCH4III
AvrII,HpyCH4IV
AvrII,HpyCH4V
AvrII,KasI
AvrII,KpnI
AvrII,MboI
AvrII,MluCI
AvrII,MluI
AvrII,MreI
AvrII,MscI
AvrII,MseI
AvrII,MspA1I
AvrII,MspI
AvrII,MssI
AvrII,MunI
AvrII,NaeI
AvrII,NarI
AvrII,NciI
AvrII,NcoI
AvrII,NdeI
AvrII,NgoMIV
AvrII,NheI
AvrII,NlaIII
AvrII,NotI
AvrII,NruI
AvrII,NsiI
AvrII,NspI
AvrII,PacI
AvrII,PaeR7I
AvrII,PciI
AvrII,PluTI
AvrII,PpuMI
AvrII,PsiI
AvrII,PspGI
AvrII,PspOMI
AvrII,PspXI
AvrII,PstI
AvrII,PvuI
AvrII,PvuII
AvrII,RsRII
AvrII,RsaI
AvrII,SacI
AvrII,SacII
AvrII,SalI
AvrII,Sau3AI
AvrII,Sau96I
AvrII,SbfI
AvrII,ScaI
AvrII,ScrFI
AvrII,SexAI
AvrII,SfcI
AvrII,SgrAI
AvrII,SgrDI
AvrII,SmaI
AvrII,SmlI
AvrII,SpeI
AvrII,SphI
AvrII,SrfI
AvrII,SspI
AvrII,StyD4I
AvrII,SwaI
AvrII,TaiI
AvrII,TaqI
AvrII,TasI
AvrII,TatI
AvrII,TauI
AvrII,TfiI
AvrII,TseI
AvrII,Tsp45I
AvrII,TspMI
AvrII,XbaI
AvrII,XhoI
AvrII,XmaI
AvrII,ZraI
BaeGI,BamHI
BaeGI,BanI
BaeGI,BbvCI
BaeGI,BclI
BaeGI,BfaI
BaeGI,BfoI
BaeGI,BglII
BaeGI,BlpI
BaeGI,BmgBI
BaeGI,Bpu10I
BaeGI,BsaAI
BaeGI,BsaHI
BaeGI,BsaJI
BaeGI,BsaWI
BaeGI,BseYI
BaeGI,BsiEI
BaeGI,BsiWI
BaeGI,BsoBI
BaeGI,BspDI
BaeGI,BspEI
BaeGI,BspHI
BaeGI,BspOI
BaeGI,BsrBI
BaeGI,BsrFI
BaeGI,BsrGI
BaeGI,BssHII
BaeGI,BssSI
BaeGI,BstBI
BaeGI,BstEII
BaeGI,BstNI
BaeGI,BstUI
BaeGI,BstYI
BaeGI,BstZ17I
BaeGI,Bsu36I
BaeGI,BtgI
BaeGI,ClaI
BaeGI,CpoI
BaeGI,CsiI
BaeGI,CviQI
BaeGI,DdeI
BaeGI,DpnI
BaeGI,DpnII
BaeGI,DraI
BaeGI,EaeI
BaeGI,EagI
BaeGI,Ecl136II
BaeGI,Eco105I
BaeGI,Eco147I
BaeGI,Eco53kI
BaeGI,Eco72I
BaeGI,EcoRI
BaeGI,EcoRV
BaeGI,EheI
BaeGI,FatI
BaeGI,Fnu4HI
BaeGI,FseI
BaeGI,FspAI
BaeGI,FspI
BaeGI,HaeII
BaeGI,HhaI
BaeGI,HinP1I
BaeGI,HincII
BaeGI,HindIII
BaeGI,HinfI
BaeGI,HpaI
BaeGI,HpaII
BaeGI,Hpy188I
BaeGI,Hpy99I
BaeGI,HpyCH4III
BaeGI,HpyCH4IV
BaeGI,KasI
BaeGI,KpnI
BaeGI,MboI
BaeGI,MluCI
BaeGI,MluI
BaeGI,MreI
BaeGI,MscI
BaeGI,MseI
BaeGI,MspA1I
BaeGI,MspI
BaeGI,MssI
BaeGI,MunI
BaeGI,NaeI
BaeGI,NarI
BaeGI,NciI
BaeGI,NcoI
BaeGI,NdeI
BaeGI,NgoMIV
BaeGI,NheI
BaeGI,NlaIII
BaeGI,NotI
BaeGI,NruI
BaeGI,NsiI
BaeGI,NspI
BaeGI,PacI
BaeGI,PaeR7I
BaeGI,PciI
BaeGI,PluTI
BaeGI,PpuMI
BaeGI,PsiI
BaeGI,PspGI
BaeGI,PspXI
BaeGI,PstI
BaeGI,PvuI
BaeGI,PvuII
BaeGI,RsRII
BaeGI,RsaI
BaeGI,SacI
BaeGI,SacII
BaeGI,SalI
BaeGI,Sau3AI
BaeGI,SbfI
BaeGI,ScaI
BaeGI,ScrFI
BaeGI,SexAI
BaeGI,SfcI
BaeGI,SgrAI
BaeGI,SgrDI
BaeGI,SmaI
BaeGI,SmlI
BaeGI,SpeI
BaeGI,SphI
BaeGI,SrfI
BaeGI,SspI
BaeGI,StyD4I
BaeGI,StyI
BaeGI,SwaI
BaeGI,TaiI
BaeGI,TaqI
BaeGI,TasI
BaeGI,TatI
BaeGI,TauI
BaeGI,TfiI
BaeGI,TseI
BaeGI,Tsp45I
BaeGI,TspMI
BaeGI,XbaI
BaeGI,XhoI
BaeGI,XmaI
BaeGI,ZraI
BamHI,BanI
BamHI,BanII
BamHI,BbvCI
BamHI,BclI
BamHI,BfaI
BamHI,BfoI
BamHI,BglII
BamHI,BlpI
BamHI,BmgBI
BamHI,Bpu10I
BamHI,BsaAI
BamHI,BsaHI
BamHI,BsaJI
BamHI,BsaWI
BamHI,BseSI
BamHI,BseYI
BamHI,BsiEI
BamHI,BsiHKAI
BamHI,BsiWI
BamHI,BsoBI
BamHI,Bsp1286I
BamHI,BspDI
BamHI,BspEI
BamHI,BspHI
BamHI,BspOI
BamHI,BsrBI
BamHI,BsrFI
BamHI,BsrGI
BamHI,BssHII
BamHI,BssSI
BamHI,BstBI
BamHI,BstEII
BamHI,BstNI
BamHI,BstUI
BamHI,BstZ17I
BamHI,Bsu36I
BamHI,BtgI
BamHI,ClaI
BamHI,CpoI
BamHI,CsiI
BamHI,CviKI-1
BamHI,CviQI
BamHI,DdeI
BamHI,DpnI
BamHI,DraI
BamHI,EaeI
BamHI,EagI
BamHI,Ecl136II
BamHI,Eco105I
BamHI,Eco147I
BamHI,Eco53kI
BamHI,Eco72I
BamHI,EcoRI
BamHI,EcoRV
BamHI,EheI
BamHI,FatI
BamHI,Fnu4HI
BamHI,FseI
BamHI,FspAI
BamHI,FspI
BamHI,HaeII
BamHI,HaeIII
BamHI,HhaI
BamHI,HinP1I
BamHI,HincII
BamHI,HindIII
BamHI,HinfI
BamHI,HpaI
BamHI,HpaII
BamHI,Hpy188I
BamHI,Hpy99I
BamHI,HpyCH4III
BamHI,HpyCH4IV
BamHI,HpyCH4V
BamHI,KasI
BamHI,KpnI
BamHI,MluCI
BamHI,MluI
BamHI,MreI
BamHI,MscI
BamHI,MseI
BamHI,MspA1I
BamHI,MspI
BamHI,MssI
BamHI,MunI
BamHI,NaeI
BamHI,NarI
BamHI,NciI
BamHI,NcoI
BamHI,NdeI
BamHI,NgoMIV
BamHI,NheI
BamHI,NlaIII
BamHI,NotI
BamHI,NruI
BamHI,NsiI
BamHI,NspI
BamHI,PacI
BamHI,PaeR7I
BamHI,PciI
BamHI,PluTI
BamHI,PpuMI
BamHI,PsiI
BamHI,PspGI
BamHI,PspOMI
BamHI,PspXI
BamHI,PstI
BamHI,PvuI
BamHI,PvuII
BamHI,RsRII
BamHI,RsaI
BamHI,SacI
BamHI,SacII
BamHI,SalI
BamHI,Sau96I
BamHI,SbfI
BamHI,ScaI
BamHI,ScrFI
BamHI,SexAI
BamHI,SfcI
BamHI,SgrAI
BamHI,SgrDI
BamHI,SmaI
BamHI,SmlI
BamHI,SpeI
BamHI,SphI
BamHI,SrfI
BamHI,SspI
BamHI,StyD4I
BamHI,StyI
BamHI,SwaI
BamHI,TaiI
BamHI,TaqI
BamHI,TasI
BamHI,TatI
BamHI,TauI
BamHI,TfiI
BamHI,TseI
BamHI,Tsp45I
BamHI,TspMI
BamHI,XbaI
BamHI,XhoI
BamHI,XmaI
BamHI,ZraI
BanI,BanII
BanI,BbvCI
BanI,BclI
BanI,BfaI
BanI,BglII
BanI,BlpI
BanI,BmgBI
BanI,Bpu10I
BanI,BsaAI
BanI,BsaHI
BanI,BsaJI
BanI,BsaWI
BanI,BseSI
BanI,BseYI
BanI,BsiEI
BanI,BsiHKAI
BanI,BsiWI
BanI,BsoBI
BanI,Bsp1286I
BanI,BspDI
BanI,BspEI
BanI,BspHI
BanI,BspOI
BanI,BsrBI
BanI,BsrFI
BanI,BsrGI
BanI,BssHII
BanI,BssSI
BanI,BstBI
BanI,BstEII
BanI,BstNI
BanI,BstUI
BanI,BstYI
BanI,BstZ17I
BanI,Bsu36I
BanI,BtgI
BanI,ClaI
BanI,CpoI
BanI,CsiI
BanI,CviKI-1
BanI,DdeI
BanI,DpnI
BanI,DpnII
BanI,DraI
BanI,EaeI
BanI,EagI
BanI,Ecl136II
BanI,Eco105I
BanI,Eco147I
BanI,Eco53kI
BanI,Eco72I
BanI,EcoRI
BanI,EcoRV
BanI,FatI
BanI,Fnu4HI
BanI,FseI
BanI,FspAI
BanI,FspI
BanI,HaeIII
BanI,HincII
BanI,HindIII
BanI,HinfI
BanI,HpaI
BanI,HpaII
BanI,Hpy188I
BanI,Hpy99I
BanI,HpyCH4III
BanI,HpyCH4IV
BanI,HpyCH4V
BanI,MboI
BanI,MluCI
BanI,MluI
BanI,MreI
BanI,MscI
BanI,MseI
BanI,MspA1I
BanI,MspI
BanI,MssI
BanI,MunI
BanI,NaeI
BanI,NciI
BanI,NcoI
BanI,NdeI
BanI,NgoMIV
BanI,NheI
BanI,NlaIII
BanI,NotI
BanI,NruI
BanI,NsiI
BanI,NspI
BanI,PacI
BanI,PaeR7I
BanI,PciI
BanI,PpuMI
BanI,PsiI
BanI,PspGI
BanI,PspOMI
BanI,PspXI
BanI,PstI
BanI,PvuI
BanI,PvuII
BanI,RsRII
BanI,SacI
BanI,SacII
BanI,SalI
BanI,Sau3AI
BanI,Sau96I
BanI,SbfI
BanI,ScaI
BanI,ScrFI
BanI,SexAI
BanI,SfcI
BanI,SgrAI
BanI,SgrDI
BanI,SmaI
BanI,SmlI
BanI,SpeI
BanI,SphI
BanI,SrfI
BanI,SspI
BanI,StyD4I
BanI,StyI
BanI,SwaI
BanI,TaiI
BanI,TaqI
BanI,TasI
BanI,TatI
BanI,TauI
BanI,TfiI
BanI,TseI
BanI,Tsp45I
BanI,TspMI
BanI,XbaI
BanI,XhoI
BanI,XmaI
BanI,ZraI
BanII,BbvCI
BanII,BclI
BanII,BfaI
BanII,BfoI
BanII,BglII
BanII,BlpI
BanII,BmgBI
BanII,Bpu10I
BanII,BsaAI
BanII,BsaHI
BanII,BsaJI
BanII,BsaWI
BanII,BseYI
BanII,BsiEI
BanII,BsiWI
BanII,BsoBI
BanII,BspDI
BanII,BspEI
BanII,BspHI
BanII,BspOI
BanII,BsrBI
BanII,BsrFI
BanII,BsrGI
BanII,BssHII
BanII,BssSI
BanII,BstBI
BanII,BstEII
BanII,BstNI
BanII,BstUI
BanII,BstYI
BanII,BstZ17I
BanII,Bsu36I
BanII,BtgI
BanII,ClaI
BanII,CpoI
BanII,CsiI
BanII,CviQI
BanII,DdeI
BanII,DpnI
BanII,DpnII
BanII,DraI
BanII,EaeI
BanII,EagI
BanII,Eco105I
BanII,Eco147I
BanII,Eco72I
BanII,EcoRI
BanII,EcoRV
BanII,EheI
BanII,FatI
BanII,Fnu4HI
BanII,FseI
BanII,FspAI
BanII,FspI
BanII,HaeII
BanII,HhaI
BanII,HinP1I
BanII,HincII
BanII,HindIII
BanII,HinfI
BanII,HpaI
BanII,HpaII
BanII,Hpy188I
BanII,Hpy99I
BanII,HpyCH4III
BanII,HpyCH4IV
BanII,HpyCH4V
BanII,KasI
BanII,KpnI
BanII,MboI
BanII,MluCI
BanII,MluI
BanII,MreI
BanII,MscI
BanII,MseI
BanII,MspA1I
BanII,MspI
BanII,MssI
BanII,MunI
BanII,NaeI
BanII,NarI
BanII,NciI
BanII,NcoI
BanII,NdeI
BanII,NgoMIV
BanII,NheI
BanII,NlaIII
BanII,NotI
BanII,NruI
BanII,NsiI
BanII,NspI
BanII,PacI
BanII,PaeR7I
BanII,PciI
BanII,PluTI
BanII,PpuMI
BanII,PsiI
BanII,PspGI
BanII,PspXI
BanII,PstI
BanII,PvuI
BanII,PvuII
BanII,RsRII
BanII,RsaI
BanII,SacII
BanII,SalI
BanII,Sau3AI
BanII,SbfI
BanII,ScaI
BanII,ScrFI
BanII,SexAI
BanII,SfcI
BanII,SgrAI
BanII,SgrDI
BanII,SmaI
BanII,SmlI
BanII,SpeI
BanII,SphI
BanII,SrfI
BanII,SspI
BanII,StyD4I
BanII,StyI
BanII,SwaI
BanII,TaiI
BanII,TaqI
BanII,TasI
BanII,TatI
BanII,TauI
BanII,TfiI
BanII,TseI
BanII,Tsp45I
BanII,TspMI
BanII,XbaI
BanII,XhoI
BanII,XmaI
BanII,ZraI
BbvCI,BclI
BbvCI,BfaI
BbvCI,BfoI
BbvCI,BglII
BbvCI,BlpI
BbvCI,BmgBI
BbvCI,BsaAI
BbvCI,BsaHI
BbvCI,BsaJI
BbvCI,BsaWI
BbvCI,BseSI
BbvCI,BseYI
BbvCI,BsiEI
BbvCI,BsiHKAI
BbvCI,BsiWI
BbvCI,BsoBI
BbvCI,Bsp1286I
BbvCI,BspDI
BbvCI,BspEI
BbvCI,BspHI
BbvCI,BspOI
BbvCI,BsrBI
BbvCI,BsrFI
BbvCI,BsrGI
BbvCI,BssHII
BbvCI,BssSI
BbvCI,BstBI
BbvCI,BstEII
BbvCI,BstNI
BbvCI,BstUI
BbvCI,BstYI
BbvCI,BstZ17I
BbvCI,Bsu36I
BbvCI,BtgI
BbvCI,ClaI
BbvCI,CpoI
BbvCI,CsiI
BbvCI,CviKI-1
BbvCI,CviQI
BbvCI,DpnI
BbvCI,DpnII
BbvCI,DraI
BbvCI,EaeI
BbvCI,EagI
BbvCI,Ecl136II
BbvCI,Eco105I
BbvCI,Eco147I
BbvCI,Eco53kI
BbvCI,Eco72I
BbvCI,EcoRI
BbvCI,EcoRV
BbvCI,EheI
BbvCI,FatI
BbvCI,Fnu4HI
BbvCI,FseI
BbvCI,FspAI
BbvCI,FspI
BbvCI,HaeII
BbvCI,HaeIII
BbvCI,HhaI
BbvCI,HinP1I
BbvCI,HincII
BbvCI,HindIII
BbvCI,HinfI
BbvCI,HpaI
BbvCI,HpaII
BbvCI,Hpy188I
BbvCI,Hpy99I
BbvCI,HpyCH4III
BbvCI,HpyCH4IV
BbvCI,HpyCH4V
BbvCI,KasI
BbvCI,KpnI
BbvCI,MboI
BbvCI,MluCI
BbvCI,MluI
BbvCI,MreI
BbvCI,MscI
BbvCI,MseI
BbvCI,MspA1I
BbvCI,MspI
BbvCI,MssI
BbvCI,MunI
BbvCI,NaeI
BbvCI,NarI
BbvCI,NciI
BbvCI,NcoI
BbvCI,NdeI
BbvCI,NgoMIV
BbvCI,NheI
BbvCI,NlaIII
BbvCI,NotI
BbvCI,NruI
BbvCI,NsiI
BbvCI,NspI
BbvCI,PacI
BbvCI,PaeR7I
BbvCI,PciI
BbvCI,PluTI
BbvCI,PpuMI
BbvCI,PsiI
BbvCI,PspGI
BbvCI,PspOMI
BbvCI,PspXI
BbvCI,PstI
BbvCI,PvuI
BbvCI,PvuII
BbvCI,RsRII
BbvCI,RsaI
BbvCI,SacI
BbvCI,SacII
BbvCI,SalI
BbvCI,Sau3AI
BbvCI,Sau96I
BbvCI,SbfI
BbvCI,ScaI
BbvCI,ScrFI
BbvCI,SexAI
BbvCI,SfcI
BbvCI,SgrAI
BbvCI,SgrDI
BbvCI,SmaI
BbvCI,SmlI
BbvCI,SpeI
BbvCI,SphI
BbvCI,SrfI
BbvCI,SspI
BbvCI,StyD4I
BbvCI,StyI
BbvCI,SwaI
BbvCI,TaiI
BbvCI,TaqI
BbvCI,TasI
BbvCI,TatI
BbvCI,TauI
BbvCI,TfiI
BbvCI,TseI
BbvCI,Tsp45I
BbvCI,TspMI
BbvCI,XbaI
BbvCI,XhoI
BbvCI,XmaI
BbvCI,ZraI
BclI,BfaI
BclI,BfoI
BclI,BglII
BclI,BlpI
BclI,BmgBI
BclI,Bpu10I
BclI,BsaAI
BclI,BsaHI
BclI,BsaJI
BclI,BsaWI
BclI,BseSI
BclI,BseYI
BclI,BsiEI
BclI,BsiHKAI
BclI,BsiWI
BclI,BsoBI
BclI,Bsp1286I
BclI,BspDI
BclI,BspEI
BclI,BspHI
BclI,BspOI
BclI,BsrBI
BclI,BsrFI
BclI,BsrGI
BclI,BssHII
BclI,BssSI
BclI,BstBI
BclI,BstEII
BclI,BstNI
BclI,BstUI
BclI,BstYI
BclI,BstZ17I
BclI,Bsu36I
BclI,BtgI
BclI,ClaI
BclI,CpoI
BclI,CsiI
BclI,CviKI-1
BclI,CviQI
BclI,DdeI
BclI,DpnI
BclI,DraI
BclI,EaeI
BclI,EagI
BclI,Ecl136II
BclI,Eco105I
BclI,Eco147I
BclI,Eco53kI
BclI,Eco72I
BclI,EcoRI
BclI,EcoRV
BclI,EheI
BclI,FatI
BclI,Fnu4HI
BclI,FseI
BclI,FspAI
BclI,FspI
BclI,HaeII
BclI,HaeIII
BclI,HhaI
BclI,HinP1I
BclI,HincII
BclI,HindIII
BclI,HinfI
BclI,HpaI
BclI,HpaII
BclI,Hpy188I
BclI,Hpy99I
BclI,HpyCH4III
BclI,HpyCH4IV
BclI,HpyCH4V
BclI,KasI
BclI,KpnI
BclI,MluCI
BclI,MluI
BclI,MreI
BclI,MscI
BclI,MseI
BclI,MspA1I
BclI,MspI
BclI,MssI
BclI,MunI
BclI,NaeI
BclI,NarI
BclI,NciI
BclI,NcoI
BclI,NdeI
BclI,NgoMIV
BclI,NheI
BclI,NlaIII
BclI,NotI
BclI,NruI
BclI,NsiI
BclI,NspI
BclI,PacI
BclI,PaeR7I
BclI,PciI
BclI,PluTI
BclI,PpuMI
BclI,PsiI
BclI,PspGI
BclI,PspOMI
BclI,PspXI
BclI,PstI
BclI,PvuI
BclI,PvuII
BclI,RsRII
BclI,RsaI
BclI,SacI
BclI,SacII
BclI,SalI
BclI,Sau96I
BclI,SbfI
BclI,ScaI
BclI,ScrFI
BclI,SexAI
BclI,SfcI
BclI,SgrAI
BclI,SgrDI
BclI,SmaI
BclI,SmlI
BclI,SpeI
BclI,SphI
BclI,SrfI
BclI,SspI
BclI,StyD4I
BclI,StyI
BclI,SwaI
BclI,TaiI
BclI,TaqI
BclI,TasI
BclI,TatI
BclI,TauI
BclI,TfiI
BclI,TseI
BclI,Tsp45I
BclI,TspMI
BclI,XbaI
BclI,XhoI
BclI,XmaI
BclI,ZraI
BfaI,BfoI
BfaI,BglII
BfaI,BlpI
BfaI,BmgBI
BfaI,Bpu10I
BfaI,BsaAI
BfaI,BsaHI
BfaI,BsaWI
BfaI,BseSI
BfaI,BseYI
BfaI,BsiEI
BfaI,BsiHKAI
BfaI,BsiWI
BfaI,BsoBI
BfaI,Bsp1286I
BfaI,BspDI
BfaI,BspEI
BfaI,BspHI
BfaI,BsrBI
BfaI,BsrFI
BfaI,BsrGI
BfaI,BssHII
BfaI,BssSI
BfaI,BstBI
BfaI,BstEII
BfaI,BstNI
BfaI,BstUI
BfaI,BstYI
BfaI,BstZ17I
BfaI,Bsu36I
BfaI,BtgI
BfaI,ClaI
BfaI,CpoI
BfaI,CsiI
BfaI,CviKI-1
BfaI,CviQI
BfaI,DdeI
BfaI,DpnI
BfaI,DpnII
BfaI,DraI
BfaI,EaeI
BfaI,EagI
BfaI,Ecl136II
BfaI,Eco105I
BfaI,Eco147I
BfaI,Eco53kI
BfaI,Eco72I
BfaI,EcoRI
BfaI,EcoRV
BfaI,EheI
BfaI,FatI
BfaI,Fnu4HI
BfaI,FseI
BfaI,FspAI
BfaI,FspI
BfaI,HaeII
BfaI,HaeIII
BfaI,HhaI
BfaI,HinP1I
BfaI,HincII
BfaI,HindIII
BfaI,HinfI
BfaI,HpaI
BfaI,HpaII
BfaI,Hpy188I
BfaI,Hpy99I
BfaI,HpyCH4III
BfaI,HpyCH4IV
BfaI,HpyCH4V
BfaI,KasI
BfaI,KpnI
BfaI,MboI
BfaI,MluCI
BfaI,MluI
BfaI,MreI
BfaI,MscI
BfaI,MseI
BfaI,MspA1I
BfaI,MspI
BfaI,MssI
BfaI,MunI
BfaI,NaeI
BfaI,NarI
BfaI,NciI
BfaI,NcoI
BfaI,NdeI
BfaI,NgoMIV
BfaI,NlaIII
BfaI,NotI
BfaI,NruI
BfaI,NsiI
BfaI,NspI
BfaI,PacI
BfaI,PaeR7I
BfaI,PciI
BfaI,PluTI
BfaI,PpuMI
BfaI,PsiI
BfaI,PspGI
BfaI,PspOMI
BfaI,PspXI
BfaI,PstI
BfaI,PvuI
BfaI,PvuII
BfaI,RsRII
BfaI,RsaI
BfaI,SacI
BfaI,SacII
BfaI,SalI
BfaI,Sau3AI
BfaI,Sau96I
BfaI,SbfI
BfaI,ScaI
BfaI,ScrFI
BfaI,SexAI
BfaI,SfcI
BfaI,SgrAI
BfaI,SgrDI
BfaI,SmaI
BfaI,SmlI
BfaI,SphI
BfaI,SrfI
BfaI,SspI
BfaI,StyD4I
BfaI,SwaI
BfaI,TaiI
BfaI,TaqI
BfaI,TasI
BfaI,TatI
BfaI,TauI
BfaI,TfiI
BfaI,TseI
BfaI,Tsp45I
BfaI,TspMI
BfaI,XhoI
BfaI,XmaI
BfaI,ZraI
BfoI,BglII
BfoI,BlpI
BfoI,BmgBI
BfoI,Bpu10I
BfoI,BsaAI
BfoI,BsaHI
BfoI,BsaJI
BfoI,BsaWI
BfoI,BseSI
BfoI,BseYI
BfoI,BsiEI
BfoI,BsiHKAI
BfoI,BsiWI
BfoI,BsoBI
BfoI,Bsp1286I
BfoI,BspDI
BfoI,BspEI
BfoI,BspHI
BfoI,BspOI
BfoI,BsrBI
BfoI,BsrFI
BfoI,BsrGI
BfoI,BssHII
BfoI,BssSI
BfoI,BstBI
BfoI,BstEII
BfoI,BstNI
BfoI,BstUI
BfoI,BstYI
BfoI,BstZ17I
BfoI,Bsu36I
BfoI,BtgI
BfoI,ClaI
BfoI,CpoI
BfoI,CsiI
BfoI,CviKI-1
BfoI,CviQI
BfoI,DdeI
BfoI,DpnI
BfoI,DpnII
BfoI,DraI
BfoI,EaeI
BfoI,EagI
BfoI,Ecl136II
BfoI,Eco105I
BfoI,Eco147I
BfoI,Eco53kI
BfoI,Eco72I
BfoI,EcoRI
BfoI,EcoRV
BfoI,FatI
BfoI,Fnu4HI
BfoI,FseI
BfoI,FspAI
BfoI,FspI
BfoI,HaeIII
BfoI,HincII
BfoI,HindIII
BfoI,HinfI
BfoI,HpaI
BfoI,HpaII
BfoI,Hpy188I
BfoI,Hpy99I
BfoI,HpyCH4III
BfoI,HpyCH4IV
BfoI,HpyCH4V
BfoI,KpnI
BfoI,MboI
BfoI,MluCI
BfoI,MluI
BfoI,MreI
BfoI,MscI
BfoI,MseI
BfoI,MspA1I
BfoI,MspI
BfoI,MssI
BfoI,MunI
BfoI,NaeI
BfoI,NciI
BfoI,NcoI
BfoI,NdeI
BfoI,NgoMIV
BfoI,NheI
BfoI,NlaIII
BfoI,NotI
BfoI,NruI
BfoI,NsiI
BfoI,NspI
BfoI,PacI
BfoI,PaeR7I
BfoI,PciI
BfoI,PpuMI
BfoI,PsiI
BfoI,PspGI
BfoI,PspOMI
BfoI,PspXI
BfoI,PstI
BfoI,PvuI
BfoI,PvuII
BfoI,RsRII
BfoI,RsaI
BfoI,SacI
BfoI,SacII
BfoI,SalI
BfoI,Sau3AI
BfoI,Sau96I
BfoI,SbfI
BfoI,ScaI
BfoI,ScrFI
BfoI,SexAI
BfoI,SfcI
BfoI,SgrAI
BfoI,SgrDI
BfoI,SmaI
BfoI,SmlI
BfoI,SpeI
BfoI,SphI
BfoI,SrfI
BfoI,SspI
BfoI,StyD4I
BfoI,StyI
BfoI,SwaI
BfoI,TaiI
BfoI,TaqI
BfoI,TasI
BfoI,TatI
BfoI,TauI
BfoI,TfiI
BfoI,TseI
BfoI,Tsp45I
BfoI,TspMI
BfoI,XbaI
BfoI,XhoI
BfoI,XmaI
BfoI,ZraI
BglII,BlpI
BglII,BmgBI
BglII,Bpu10I
BglII,BsaAI
BglII,BsaHI
BglII,BsaJI
BglII,BsaWI
BglII,BseSI
BglII,BseYI
BglII,BsiEI
BglII,BsiHKAI
BglII,BsiWI
BglII,BsoBI
BglII,Bsp1286I
BglII,BspDI
BglII,BspEI
BglII,BspHI
BglII,BspOI
BglII,BsrBI
BglII,BsrFI
BglII,BsrGI
BglII,BssHII
BglII,BssSI
BglII,BstBI
BglII,BstEII
BglII,BstNI
BglII,BstUI
BglII,BstZ17I
BglII,Bsu36I
BglII,BtgI
BglII,ClaI
BglII,CpoI
BglII,CsiI
BglII,CviKI-1
BglII,CviQI
BglII,DdeI
BglII,DpnI
BglII,DraI
BglII,EaeI
BglII,EagI
BglII,Ecl136II
BglII,Eco105I
BglII,Eco147I
BglII,Eco53kI
BglII,Eco72I
BglII,EcoRI
BglII,EcoRV
BglII,EheI
BglII,FatI
BglII,Fnu4HI
BglII,FseI
BglII,FspAI
BglII,FspI
BglII,HaeII
BglII,HaeIII
BglII,HhaI
BglII,HinP1I
BglII,HincII
BglII,HindIII
BglII,HinfI
BglII,HpaI
BglII,HpaII
BglII,Hpy188I
BglII,Hpy99I
BglII,HpyCH4III
BglII,HpyCH4IV
BglII,HpyCH4V
BglII,KasI
BglII,KpnI
BglII,MluCI
BglII,MluI
BglII,MreI
BglII,MscI
BglII,MseI
BglII,MspA1I
BglII,MspI
BglII,MssI
BglII,MunI
BglII,NaeI
BglII,NarI
BglII,NciI
BglII,NcoI
BglII,NdeI
BglII,NgoMIV
BglII,NheI
BglII,NlaIII
BglII,NotI
BglII,NruI
BglII,NsiI
BglII,NspI
BglII,PacI
BglII,PaeR7I
BglII,PciI
BglII,PluTI
BglII,PpuMI
BglII,PsiI
BglII,PspGI
BglII,PspOMI
BglII,PspXI
BglII,PstI
BglII,PvuI
BglII,PvuII
BglII,RsRII
BglII,RsaI
BglII,SacI
BglII,SacII
BglII,SalI
BglII,Sau96I
BglII,SbfI
BglII,ScaI
BglII,ScrFI
BglII,SexAI
BglII,SfcI
BglII,SgrAI
BglII,SgrDI
BglII,SmaI
BglII,SmlI
BglII,SpeI
BglII,SphI
BglII,SrfI
BglII,SspI
BglII,StyD4I
BglII,StyI
BglII,SwaI
BglII,TaiI
BglII,TaqI
BglII,TasI
BglII,TatI
BglII,TauI
BglII,TfiI
BglII,TseI
BglII,Tsp45I
BglII,TspMI
BglII,XbaI
BglII,XhoI
BglII,XmaI
BglII,ZraI
BlpI,BmgBI
BlpI,Bpu10I
BlpI,BsaAI
BlpI,BsaHI
BlpI,BsaJI
BlpI,BsaWI
BlpI,BseSI
BlpI,BseYI
BlpI,BsiEI
BlpI,BsiHKAI
BlpI,BsiWI
BlpI,BsoBI
BlpI,Bsp1286I
BlpI,BspDI
BlpI,BspEI
BlpI,BspHI
BlpI,BspOI
BlpI,BsrBI
BlpI,BsrFI
BlpI,BsrGI
BlpI,BssHII
BlpI,BssSI
BlpI,BstBI
BlpI,BstEII
BlpI,BstNI
BlpI,BstUI
BlpI,BstYI
BlpI,BstZ17I
BlpI,Bsu36I
BlpI,BtgI
BlpI,ClaI
BlpI,CpoI
BlpI,CsiI
BlpI,CviKI-1
BlpI,CviQI
BlpI,DpnI
BlpI,DpnII
BlpI,DraI
BlpI,EaeI
BlpI,EagI
BlpI,Ecl136II
BlpI,Eco105I
BlpI,Eco147I
BlpI,Eco53kI
BlpI,Eco72I
BlpI,EcoRI
BlpI,EcoRV
BlpI,EheI
BlpI,FatI
BlpI,Fnu4HI
BlpI,FseI
BlpI,FspAI
BlpI,FspI
BlpI,HaeII
BlpI,HaeIII
BlpI,HhaI
BlpI,HinP1I
BlpI,HincII
BlpI,HindIII
BlpI,HinfI
BlpI,HpaI
BlpI,HpaII
BlpI,Hpy188I
BlpI,Hpy99I
BlpI,HpyCH4III
BlpI,HpyCH4IV
BlpI,HpyCH4V
BlpI,KasI
BlpI,KpnI
BlpI,MboI
BlpI,MluCI
BlpI,MluI
BlpI,MreI
BlpI,MscI
BlpI,MseI
BlpI,MspA1I
BlpI,MspI
BlpI,MssI
BlpI,MunI
BlpI,NaeI
BlpI,NarI
BlpI,NciI
BlpI,NcoI
BlpI,NdeI
BlpI,NgoMIV
BlpI,NheI
BlpI,NlaIII
BlpI,NotI
BlpI,NruI
BlpI,NsiI
BlpI,NspI
BlpI,PacI
BlpI,PaeR7I
BlpI,PciI
BlpI,PluTI
BlpI,PpuMI
BlpI,PsiI
BlpI,PspGI
BlpI,PspOMI
BlpI,PspXI
BlpI,PstI
BlpI,PvuI
BlpI,PvuII
BlpI,RsRII
BlpI,RsaI
BlpI,SacI
BlpI,SacII
BlpI,SalI
BlpI,Sau3AI
BlpI,Sau96I
BlpI,SbfI
BlpI,ScaI
BlpI,ScrFI
BlpI,SexAI
BlpI,SfcI
BlpI,SgrAI
BlpI,SgrDI
BlpI,SmaI
BlpI,SmlI
BlpI,SpeI
BlpI,SphI
BlpI,SrfI
BlpI,SspI
BlpI,StyD4I
BlpI,StyI
BlpI,SwaI
BlpI,TaiI
BlpI,TaqI
BlpI,TasI
BlpI,TatI
BlpI,TauI
BlpI,TfiI
BlpI,TseI
BlpI,Tsp45I
BlpI,TspMI
BlpI,XbaI
BlpI,XhoI
BlpI,XmaI
BlpI,ZraI
BmgBI,Bpu10I
BmgBI,BsaAI
BmgBI,BsaHI
BmgBI,BsaJI
BmgBI,BsaWI
BmgBI,BseSI
BmgBI,BseYI
BmgBI,BsiEI
BmgBI,BsiHKAI
BmgBI,BsiWI
BmgBI,BsoBI
BmgBI,Bsp1286I
BmgBI,BspDI
BmgBI,BspEI
BmgBI,BspHI
BmgBI,BspOI
BmgBI,BsrBI
BmgBI,BsrFI
BmgBI,BsrGI
BmgBI,BssHII
BmgBI,BssSI
BmgBI,BstBI
BmgBI,BstEII
BmgBI,BstNI
BmgBI,BstUI
BmgBI,BstYI
BmgBI,BstZ17I
BmgBI,Bsu36I
BmgBI,BtgI
BmgBI,ClaI
BmgBI,CpoI
BmgBI,CsiI
BmgBI,CviKI-1
BmgBI,CviQI
BmgBI,DdeI
BmgBI,DpnI
BmgBI,DpnII
BmgBI,DraI
BmgBI,EaeI
BmgBI,EagI
BmgBI,Ecl136II
BmgBI,Eco105I
BmgBI,Eco147I
BmgBI,Eco53kI
BmgBI,Eco72I
BmgBI,EcoRI
BmgBI,EcoRV
BmgBI,EheI
BmgBI,FatI
BmgBI,Fnu4HI
BmgBI,FseI
BmgBI,FspAI
BmgBI,FspI
BmgBI,HaeII
BmgBI,HaeIII
BmgBI,HhaI
BmgBI,HinP1I
BmgBI,HincII
BmgBI,HindIII
BmgBI,HinfI
BmgBI,HpaI
BmgBI,HpaII
BmgBI,Hpy188I
BmgBI,Hpy99I
BmgBI,HpyCH4III
BmgBI,HpyCH4V
BmgBI,KasI
BmgBI,KpnI
BmgBI,MboI
BmgBI,MluCI
BmgBI,MluI
BmgBI,MreI
BmgBI,MscI
BmgBI,MseI
BmgBI,MspA1I
BmgBI,MspI
BmgBI,MssI
BmgBI,MunI
BmgBI,NaeI
BmgBI,NarI
BmgBI,NciI
BmgBI,NcoI
BmgBI,NdeI
BmgBI,NgoMIV
BmgBI,NheI
BmgBI,NlaIII
BmgBI,NotI
BmgBI,NruI
BmgBI,NsiI
BmgBI,NspI
BmgBI,PacI
BmgBI,PaeR7I
BmgBI,PciI
BmgBI,PluTI
BmgBI,PpuMI
BmgBI,PsiI
BmgBI,PspGI
BmgBI,PspOMI
BmgBI,PspXI
BmgBI,PstI
BmgBI,PvuI
BmgBI,PvuII
BmgBI,RsRII
BmgBI,RsaI
BmgBI,SacI
BmgBI,SacII
BmgBI,SalI
BmgBI,Sau3AI
BmgBI,Sau96I
BmgBI,SbfI
BmgBI,ScaI
BmgBI,ScrFI
BmgBI,SexAI
BmgBI,SfcI
BmgBI,SgrAI
BmgBI,SgrDI
BmgBI,SmaI
BmgBI,SmlI
BmgBI,SpeI
BmgBI,SphI
BmgBI,SrfI
BmgBI,SspI
BmgBI,StyD4I
BmgBI,StyI
BmgBI,SwaI
BmgBI,TaqI
BmgBI,TasI
BmgBI,TatI
BmgBI,TauI
BmgBI,TfiI
BmgBI,TseI
BmgBI,Tsp45I
BmgBI,TspMI
BmgBI,XbaI
BmgBI,XhoI
BmgBI,XmaI
Bpu10I,BsaAI
Bpu10I,BsaHI
Bpu10I,BsaJI
Bpu10I,BsaWI
Bpu10I,BseSI
Bpu10I,BseYI
Bpu10I,BsiEI
Bpu10I,BsiHKAI
Bpu10I,BsiWI
Bpu10I,BsoBI
Bpu10I,Bsp1286I
Bpu10I,BspDI
Bpu10I,BspEI
Bpu10I,BspHI
Bpu10I,BspOI
Bpu10I,BsrBI
Bpu10I,BsrFI
Bpu10I,BsrGI
Bpu10I,BssHII
Bpu10I,BssSI
Bpu10I,BstBI
Bpu10I,BstEII
Bpu10I,BstNI
Bpu10I,BstUI
Bpu10I,BstYI
Bpu10I,BstZ17I
Bpu10I,Bsu36I
Bpu10I,BtgI
Bpu10I,ClaI
Bpu10I,CpoI
Bpu10I,CsiI
Bpu10I,CviKI-1
Bpu10I,CviQI
Bpu10I,DpnI
Bpu10I,DpnII
Bpu10I,DraI
Bpu10I,EaeI
Bpu10I,EagI
Bpu10I,Ecl136II
Bpu10I,Eco105I
Bpu10I,Eco147I
Bpu10I,Eco53kI
Bpu10I,Eco72I
Bpu10I,EcoRI
Bpu10I,EcoRV
Bpu10I,EheI
Bpu10I,FatI
Bpu10I,Fnu4HI
Bpu10I,FseI
Bpu10I,FspAI
Bpu10I,FspI
Bpu10I,HaeII
Bpu10I,HaeIII
Bpu10I,HhaI
Bpu10I,HinP1I
Bpu10I,HincII
Bpu10I,HindIII
Bpu10I,HinfI
Bpu10I,HpaI
Bpu10I,HpaII
Bpu10I,Hpy188I
Bpu10I,Hpy99I
Bpu10I,HpyCH4III
Bpu10I,HpyCH4IV
Bpu10I,HpyCH4V
Bpu10I,KasI
Bpu10I,KpnI
Bpu10I,MboI
Bpu10I,MluCI
Bpu10I,MluI
Bpu10I,MreI
Bpu10I,MscI
Bpu10I,MseI
Bpu10I,MspA1I
Bpu10I,MspI
Bpu10I,MssI
Bpu10I,MunI
Bpu10I,NaeI
Bpu10I,NarI
Bpu10I,NciI
Bpu10I,NcoI
Bpu10I,NdeI
Bpu10I,NgoMIV
Bpu10I,NheI
Bpu10I,NlaIII
Bpu10I,NotI
Bpu10I,NruI
Bpu10I,NsiI
Bpu10I,NspI
Bpu10I,PacI
Bpu10I,PaeR7I
Bpu10I,PciI
Bpu10I,PluTI
Bpu10I,PpuMI
Bpu10I,PsiI
Bpu10I,PspGI
Bpu10I,PspOMI
Bpu10I,PspXI
Bpu10I,PstI
Bpu10I,PvuI
Bpu10I,PvuII
Bpu10I,RsRII
Bpu10I,RsaI
Bpu10I,SacI
Bpu10I,SacII
Bpu10I,SalI
Bpu10I,Sau3AI
Bpu10I,Sau96I
Bpu10I,SbfI
Bpu10I,ScaI
Bpu10I,ScrFI
Bpu10I,SexAI
Bpu10I,SfcI
Bpu10I,SgrAI
Bpu10I,SgrDI
Bpu10I,SmaI
Bpu10I,SmlI
Bpu10I,SpeI
Bpu10I,SphI
Bpu10I,SrfI
Bpu10I,SspI
Bpu10I,StyD4I
Bpu10I,StyI
Bpu10I,SwaI
Bpu10I,TaiI
Bpu10I,TaqI
Bpu10I,TasI
Bpu10I,TatI
Bpu10I,TauI
Bpu10I,TfiI
Bpu10I,TseI
Bpu10I,Tsp45I
Bpu10I,TspMI
Bpu10I,XbaI
Bpu10I,XhoI
Bpu10I,XmaI
Bpu10I,ZraI
BsaAI,BsaHI
BsaAI,BsaJI
BsaAI,BsaWI
BsaAI,BseSI
BsaAI,BseYI
BsaAI,BsiEI
BsaAI,BsiHKAI
BsaAI,BsiWI
BsaAI,BsoBI
BsaAI,Bsp1286I
BsaAI,BspDI
BsaAI,BspEI
BsaAI,BspHI
BsaAI,BspOI
BsaAI,BsrBI
BsaAI,BsrFI
BsaAI,BsrGI
BsaAI,BssHII
BsaAI,BssSI
BsaAI,BstBI
BsaAI,BstEII
BsaAI,BstNI
BsaAI,BstUI
BsaAI,BstYI
BsaAI,BstZ17I
BsaAI,Bsu36I
BsaAI,BtgI
BsaAI,ClaI
BsaAI,CpoI
BsaAI,CsiI
BsaAI,CviKI-1
BsaAI,CviQI
BsaAI,DdeI
BsaAI,DpnI
BsaAI,DpnII
BsaAI,DraI
BsaAI,EaeI
BsaAI,EagI
BsaAI,Ecl136II
BsaAI,Eco147I
BsaAI,Eco53kI
BsaAI,EcoRI
BsaAI,EcoRV
BsaAI,EheI
BsaAI,FatI
BsaAI,Fnu4HI
BsaAI,FseI
BsaAI,FspAI
BsaAI,FspI
BsaAI,HaeII
BsaAI,HaeIII
BsaAI,HhaI
BsaAI,HinP1I
BsaAI,HincII
BsaAI,HindIII
BsaAI,HinfI
BsaAI,HpaI
BsaAI,HpaII
BsaAI,Hpy188I
BsaAI,Hpy99I
BsaAI,HpyCH4III
BsaAI,HpyCH4V
BsaAI,KasI
BsaAI,KpnI
BsaAI,MboI
BsaAI,MluCI
BsaAI,MluI
BsaAI,MreI
BsaAI,MscI
BsaAI,MseI
BsaAI,MspA1I
BsaAI,MspI
BsaAI,MssI
BsaAI,MunI
BsaAI,NaeI
BsaAI,NarI
BsaAI,NciI
BsaAI,NcoI
BsaAI,NdeI
BsaAI,NgoMIV
BsaAI,NheI
BsaAI,NlaIII
BsaAI,NotI
BsaAI,NruI
BsaAI,NsiI
BsaAI,NspI
BsaAI,PacI
BsaAI,PaeR7I
BsaAI,PciI
BsaAI,PluTI
BsaAI,PpuMI
BsaAI,PsiI
BsaAI,PspGI
BsaAI,PspOMI
BsaAI,PspXI
BsaAI,PstI
BsaAI,PvuI
BsaAI,PvuII
BsaAI,RsRII
BsaAI,RsaI
BsaAI,SacI
BsaAI,SacII
BsaAI,SalI
BsaAI,Sau3AI
BsaAI,Sau96I
BsaAI,SbfI
BsaAI,ScaI
BsaAI,ScrFI
BsaAI,SexAI
BsaAI,SfcI
BsaAI,SgrAI
BsaAI,SgrDI
BsaAI,SmaI
BsaAI,SmlI
BsaAI,SpeI
BsaAI,SphI
BsaAI,SrfI
BsaAI,SspI
BsaAI,StyD4I
BsaAI,StyI
BsaAI,SwaI
BsaAI,TaqI
BsaAI,TasI
BsaAI,TatI
BsaAI,TauI
BsaAI,TfiI
BsaAI,TseI
BsaAI,Tsp45I
BsaAI,TspMI
BsaAI,XbaI
BsaAI,XhoI
BsaAI,XmaI
BsaAI,ZraI
BsaHI,BsaJI
BsaHI,BsaWI
BsaHI,BseSI
BsaHI,BseYI
BsaHI,BsiEI
BsaHI,BsiHKAI
BsaHI,BsiWI
BsaHI,BsoBI
BsaHI,Bsp1286I
BsaHI,BspDI
BsaHI,BspEI
BsaHI,BspHI
BsaHI,BspOI
BsaHI,BsrBI
BsaHI,BsrFI
BsaHI,BsrGI
BsaHI,BssHII
BsaHI,BssSI
BsaHI,BstBI
BsaHI,BstEII
BsaHI,BstNI
BsaHI,BstUI
BsaHI,BstYI
BsaHI,BstZ17I
BsaHI,Bsu36I
BsaHI,BtgI
BsaHI,ClaI
BsaHI,CpoI
BsaHI,CsiI
BsaHI,CviQI
BsaHI,DdeI
BsaHI,DpnI
BsaHI,DpnII
BsaHI,DraI
BsaHI,EaeI
BsaHI,EagI
BsaHI,Ecl136II
BsaHI,Eco105I
BsaHI,Eco147I
BsaHI,Eco53kI
BsaHI,Eco72I
BsaHI,EcoRI
BsaHI,EcoRV
BsaHI,EheI
BsaHI,FatI
BsaHI,Fnu4HI
BsaHI,FseI
BsaHI,FspAI
BsaHI,FspI
BsaHI,HaeII
BsaHI,HhaI
BsaHI,HinP1I
BsaHI,HincII
BsaHI,HindIII
BsaHI,HinfI
BsaHI,HpaI
BsaHI,HpaII
BsaHI,Hpy188I
BsaHI,Hpy99I
BsaHI,HpyCH4III
BsaHI,HpyCH4IV
BsaHI,HpyCH4V
BsaHI,KasI
BsaHI,KpnI
BsaHI,MboI
BsaHI,MluCI
BsaHI,MluI
BsaHI,MreI
BsaHI,MscI
BsaHI,MseI
BsaHI,MspA1I
BsaHI,MspI
BsaHI,MssI
BsaHI,MunI
BsaHI,NaeI
BsaHI,NarI
BsaHI,NciI
BsaHI,NcoI
BsaHI,NdeI
BsaHI,NgoMIV
BsaHI,NheI
BsaHI,NlaIII
BsaHI,NotI
BsaHI,NruI
BsaHI,NsiI
BsaHI,NspI
BsaHI,PacI
BsaHI,PaeR7I
BsaHI,PciI
BsaHI,PluTI
BsaHI,PpuMI
BsaHI,PsiI
BsaHI,PspGI
BsaHI,PspOMI
BsaHI,PspXI
BsaHI,PstI
BsaHI,PvuI
BsaHI,PvuII
BsaHI,RsRII
BsaHI,RsaI
BsaHI,SacI
BsaHI,SacII
BsaHI,SalI
BsaHI,Sau3AI
BsaHI,SbfI
BsaHI,ScaI
BsaHI,ScrFI
BsaHI,SexAI
BsaHI,SfcI
BsaHI,SgrAI
BsaHI,SgrDI
BsaHI,SmaI
BsaHI,SmlI
BsaHI,SpeI
BsaHI,SphI
BsaHI,SrfI
BsaHI,SspI
BsaHI,StyD4I
BsaHI,StyI
BsaHI,SwaI
BsaHI,TaiI
BsaHI,TaqI
BsaHI,TasI
BsaHI,TatI
BsaHI,TauI
BsaHI,TfiI
BsaHI,TseI
BsaHI,Tsp45I
BsaHI,TspMI
BsaHI,XbaI
BsaHI,XhoI
BsaHI,XmaI
BsaHI,ZraI
BsaJI,BsaWI
BsaJI,BseSI
BsaJI,BseYI
BsaJI,BsiEI
BsaJI,BsiHKAI
BsaJI,BsiWI
BsaJI,Bsp1286I
BsaJI,BspDI
BsaJI,BspEI
BsaJI,BspHI
BsaJI,BspOI
BsaJI,BsrBI
BsaJI,BsrFI
BsaJI,BsrGI
BsaJI,BssHII
BsaJI,BssSI
BsaJI,BstBI
BsaJI,BstEII
BsaJI,BstYI
BsaJI,BstZ17I
BsaJI,Bsu36I
BsaJI,ClaI
BsaJI,CpoI
BsaJI,CsiI
BsaJI,CviKI-1
BsaJI,CviQI
BsaJI,DdeI
BsaJI,DpnI
BsaJI,DpnII
BsaJI,DraI
BsaJI,EaeI
BsaJI,EagI
BsaJI,Ecl136II
BsaJI,Eco105I
BsaJI,Eco147I
BsaJI,Eco53kI
BsaJI,Eco72I
BsaJI,EcoRI
BsaJI,EcoRV
BsaJI,EheI
BsaJI,Fnu4HI
BsaJI,FseI
BsaJI,FspAI
BsaJI,FspI
BsaJI,HaeII
BsaJI,HaeIII
BsaJI,HhaI
BsaJI,HinP1I
BsaJI,HincII
BsaJI,HindIII
BsaJI,HinfI
BsaJI,HpaI
BsaJI,Hpy188I
BsaJI,Hpy99I
BsaJI,HpyCH4III
BsaJI,HpyCH4IV
BsaJI,HpyCH4V
BsaJI,KasI
BsaJI,KpnI
BsaJI,MboI
BsaJI,MluCI
BsaJI,MluI
BsaJI,MreI
BsaJI,MscI
BsaJI,MseI
BsaJI,MssI
BsaJI,MunI
BsaJI,NaeI
BsaJI,NarI
BsaJI,NdeI
BsaJI,NgoMIV
BsaJI,NheI
BsaJI,NotI
BsaJI,NruI
BsaJI,NsiI
BsaJI,NspI
BsaJI,PacI
BsaJI,PaeR7I
BsaJI,PciI
BsaJI,PluTI
BsaJI,PpuMI
BsaJI,PsiI
BsaJI,PspOMI
BsaJI,PspXI
BsaJI,PstI
BsaJI,PvuI
BsaJI,PvuII
BsaJI,RsRII
BsaJI,RsaI
BsaJI,SacI
BsaJI,SalI
BsaJI,Sau3AI
BsaJI,Sau96I
BsaJI,SbfI
BsaJI,ScaI
BsaJI,SexAI
BsaJI,SfcI
BsaJI,SgrAI
BsaJI,SgrDI
BsaJI,SmlI
BsaJI,SpeI
BsaJI,SphI
BsaJI,SspI
BsaJI,SwaI
BsaJI,TaiI
BsaJI,TaqI
BsaJI,TasI
BsaJI,TatI
BsaJI,TauI
BsaJI,TfiI
BsaJI,TseI
BsaJI,Tsp45I
BsaJI,XbaI
BsaJI,XhoI
BsaJI,ZraI
BsaWI,BseSI
BsaWI,BseYI
BsaWI,BsiEI
BsaWI,BsiHKAI
BsaWI,BsiWI
BsaWI,BsoBI
BsaWI,Bsp1286I
BsaWI,BspDI
BsaWI,BspHI
BsaWI,BspOI
BsaWI,BsrBI
BsaWI,BsrGI
BsaWI,BssHII
BsaWI,BssSI
BsaWI,BstBI
BsaWI,BstEII
BsaWI,BstNI
BsaWI,BstUI
BsaWI,BstYI
BsaWI,BstZ17I
BsaWI,Bsu36I
BsaWI,BtgI
BsaWI,ClaI
BsaWI,CpoI
BsaWI,CsiI
BsaWI,CviKI-1
BsaWI,CviQI
BsaWI,DdeI
BsaWI,DpnI
BsaWI,DpnII
BsaWI,DraI
BsaWI,EaeI
BsaWI,EagI
BsaWI,Ecl136II
BsaWI,Eco105I
BsaWI,Eco147I
BsaWI,Eco53kI
BsaWI,Eco72I
BsaWI,EcoRI
BsaWI,EcoRV
BsaWI,EheI
BsaWI,FatI
BsaWI,Fnu4HI
BsaWI,FseI
BsaWI,FspAI
BsaWI,FspI
BsaWI,HaeII
BsaWI,HaeIII
BsaWI,HhaI
BsaWI,HinP1I
BsaWI,HincII
BsaWI,HindIII
BsaWI,HinfI
BsaWI,HpaI
BsaWI,Hpy188I
BsaWI,Hpy99I
BsaWI,HpyCH4III
BsaWI,HpyCH4IV
BsaWI,HpyCH4V
BsaWI,KasI
BsaWI,KpnI
BsaWI,MboI
BsaWI,MluCI
BsaWI,MluI
BsaWI,MreI
BsaWI,MscI
BsaWI,MseI
BsaWI,MspA1I
BsaWI,MssI
BsaWI,MunI
BsaWI,NaeI
BsaWI,NarI
BsaWI,NciI
BsaWI,NcoI
BsaWI,NdeI
BsaWI,NgoMIV
BsaWI,NheI
BsaWI,NlaIII
BsaWI,NotI
BsaWI,NruI
BsaWI,NsiI
BsaWI,NspI
BsaWI,PacI
BsaWI,PaeR7I
BsaWI,PciI
BsaWI,PluTI
BsaWI,PpuMI
BsaWI,PsiI
BsaWI,PspGI
BsaWI,PspOMI
BsaWI,PspXI
BsaWI,PstI
BsaWI,PvuI
BsaWI,PvuII
BsaWI,RsRII
BsaWI,RsaI
BsaWI,SacI
BsaWI,SacII
BsaWI,SalI
BsaWI,Sau3AI
BsaWI,Sau96I
BsaWI,SbfI
BsaWI,ScaI
BsaWI,ScrFI
BsaWI,SexAI
BsaWI,SfcI
BsaWI,SgrDI
BsaWI,SmaI
BsaWI,SmlI
BsaWI,SpeI
BsaWI,SphI
BsaWI,SrfI
BsaWI,SspI
BsaWI,StyD4I
BsaWI,StyI
BsaWI,SwaI
BsaWI,TaiI
BsaWI,TaqI
BsaWI,TasI
BsaWI,TatI
BsaWI,TauI
BsaWI,TfiI
BsaWI,TseI
BsaWI,Tsp45I
BsaWI,TspMI
BsaWI,XbaI
BsaWI,XhoI
BsaWI,XmaI
BsaWI,ZraI
BseSI,BseYI
BseSI,BsiEI
BseSI,BsiWI
BseSI,BsoBI
BseSI,BspDI
BseSI,BspEI
BseSI,BspHI
BseSI,BspOI
BseSI,BsrBI
BseSI,BsrFI
BseSI,BsrGI
BseSI,BssHII
BseSI,BssSI
BseSI,BstBI
BseSI,BstEII
BseSI,BstNI
BseSI,BstUI
BseSI,BstYI
BseSI,BstZ17I
BseSI,Bsu36I
BseSI,BtgI
BseSI,ClaI
BseSI,CpoI
BseSI,CsiI
BseSI,CviQI
BseSI,DdeI
BseSI,DpnI
BseSI,DpnII
BseSI,DraI
BseSI,EaeI
BseSI,EagI
BseSI,Ecl136II
BseSI,Eco105I
BseSI,Eco147I
BseSI,Eco53kI
BseSI,Eco72I
BseSI,EcoRI
BseSI,EcoRV
BseSI,EheI
BseSI,FatI
BseSI,Fnu4HI
BseSI,FseI
BseSI,FspAI
BseSI,FspI
BseSI,HaeII
BseSI,HhaI
BseSI,HinP1I
BseSI,HincII
BseSI,HindIII
BseSI,HinfI
BseSI,HpaI
BseSI,HpaII
BseSI,Hpy188I
BseSI,Hpy99I
BseSI,HpyCH4III
BseSI,HpyCH4IV
BseSI,KasI
BseSI,KpnI
BseSI,MboI
BseSI,MluCI
BseSI,MluI
BseSI,MreI
BseSI,MscI
BseSI,MseI
BseSI,MspA1I
BseSI,MspI
BseSI,MssI
BseSI,MunI
BseSI,NaeI
BseSI,NarI
BseSI,NciI
BseSI,NcoI
BseSI,NdeI
BseSI,NgoMIV
BseSI,NheI
BseSI,NlaIII
BseSI,NotI
BseSI,NruI
BseSI,NsiI
BseSI,NspI
BseSI,PacI
BseSI,PaeR7I
BseSI,PciI
BseSI,PluTI
BseSI,PpuMI
BseSI,PsiI
BseSI,PspGI
BseSI,PspXI
BseSI,PstI
BseSI,PvuI
BseSI,PvuII
BseSI,RsRII
BseSI,RsaI
BseSI,SacI
BseSI,SacII
BseSI,SalI
BseSI,Sau3AI
BseSI,SbfI
BseSI,ScaI
BseSI,ScrFI
BseSI,SexAI
BseSI,SfcI
BseSI,SgrAI
BseSI,SgrDI
BseSI,SmaI
BseSI,SmlI
BseSI,SpeI
BseSI,SphI
BseSI,SrfI
BseSI,SspI
BseSI,StyD4I
BseSI,StyI
BseSI,SwaI
BseSI,TaiI
BseSI,TaqI
BseSI,TasI
BseSI,TatI
BseSI,TauI
BseSI,TfiI
BseSI,TseI
BseSI,Tsp45I
BseSI,TspMI
BseSI,XbaI
BseSI,XhoI
BseSI,XmaI
BseSI,ZraI
BseYI,BsiEI
BseYI,BsiHKAI
BseYI,BsiWI
BseYI,BsoBI
BseYI,Bsp1286I
BseYI,BspDI
BseYI,BspEI
BseYI,BspHI
BseYI,BspOI
BseYI,BsrBI
BseYI,BsrFI
BseYI,BsrGI
BseYI,BssHII
BseYI,BssSI
BseYI,BstBI
BseYI,BstEII
BseYI,BstNI
BseYI,BstUI
BseYI,BstYI
BseYI,BstZ17I
BseYI,Bsu36I
BseYI,BtgI
BseYI,ClaI
BseYI,CpoI
BseYI,CsiI
BseYI,CviKI-1
BseYI,CviQI
BseYI,DdeI
BseYI,DpnI
BseYI,DpnII
BseYI,DraI
BseYI,EaeI
BseYI,EagI
BseYI,Ecl136II
BseYI,Eco105I
BseYI,Eco147I
BseYI,Eco53kI
BseYI,Eco72I
BseYI,EcoRI
BseYI,EcoRV
BseYI,EheI
BseYI,FatI
BseYI,Fnu4HI
BseYI,FseI
BseYI,FspAI
BseYI,FspI
BseYI,HaeII
BseYI,HaeIII
BseYI,HhaI
BseYI,HinP1I
BseYI,HincII
BseYI,HindIII
BseYI,HinfI
BseYI,HpaI
BseYI,HpaII
BseYI,Hpy188I
BseYI,Hpy99I
BseYI,HpyCH4III
BseYI,HpyCH4IV
BseYI,HpyCH4V
BseYI,KasI
BseYI,KpnI
BseYI,MboI
BseYI,MluCI
BseYI,MluI
BseYI,MreI
BseYI,MscI
BseYI,MseI
BseYI,MspA1I
BseYI,MspI
BseYI,MssI
BseYI,MunI
BseYI,NaeI
BseYI,NarI
BseYI,NciI
BseYI,NcoI
BseYI,NdeI
BseYI,NgoMIV
BseYI,NheI
BseYI,NlaIII
BseYI,NotI
BseYI,NruI
BseYI,NsiI
BseYI,NspI
BseYI,PacI
BseYI,PaeR7I
BseYI,PciI
BseYI,PluTI
BseYI,PpuMI
BseYI,PsiI
BseYI,PspGI
BseYI,PspOMI
BseYI,PspXI
BseYI,PstI
BseYI,PvuI
BseYI,PvuII
BseYI,RsRII
BseYI,RsaI
BseYI,SacI
BseYI,SacII
BseYI,SalI
BseYI,Sau3AI
BseYI,Sau96I
BseYI,SbfI
BseYI,ScaI
BseYI,ScrFI
BseYI,SexAI
BseYI,SfcI
BseYI,SgrAI
BseYI,SgrDI
BseYI,SmaI
BseYI,SmlI
BseYI,SpeI
BseYI,SphI
BseYI,SrfI
BseYI,SspI
BseYI,StyD4I
BseYI,StyI
BseYI,SwaI
BseYI,TaiI
BseYI,TaqI
BseYI,TasI
BseYI,TatI
BseYI,TauI
BseYI,TfiI
BseYI,TseI
BseYI,Tsp45I
BseYI,TspMI
BseYI,XbaI
BseYI,XhoI
BseYI,XmaI
BseYI,ZraI
BsiEI,BsiHKAI
BsiEI,BsiWI
BsiEI,BsoBI
BsiEI,Bsp1286I
BsiEI,BspDI
BsiEI,BspEI
BsiEI,BspHI
BsiEI,BspOI
BsiEI,BsrBI
BsiEI,BsrFI
BsiEI,BsrGI
BsiEI,BssHII
BsiEI,BssSI
BsiEI,BstBI
BsiEI,BstEII
BsiEI,BstNI
BsiEI,BstUI
BsiEI,BstYI
BsiEI,BstZ17I
BsiEI,Bsu36I
BsiEI,BtgI
BsiEI,ClaI
BsiEI,CsiI
BsiEI,CviQI
BsiEI,DdeI
BsiEI,DpnI
BsiEI,DraI
BsiEI,Ecl136II
BsiEI,Eco105I
BsiEI,Eco147I
BsiEI,Eco53kI
BsiEI,Eco72I
BsiEI,EcoRI
BsiEI,EcoRV
BsiEI,EheI
BsiEI,FatI
BsiEI,Fnu4HI
BsiEI,FseI
BsiEI,FspAI
BsiEI,FspI
BsiEI,HaeII
BsiEI,HhaI
BsiEI,HinP1I
BsiEI,HincII
BsiEI,HindIII
BsiEI,HinfI
BsiEI,HpaI
BsiEI,HpaII
BsiEI,Hpy188I
BsiEI,Hpy99I
BsiEI,HpyCH4III
BsiEI,HpyCH4IV
BsiEI,HpyCH4V
BsiEI,KasI
BsiEI,KpnI
BsiEI,MluCI
BsiEI,MluI
BsiEI,MreI
BsiEI,MscI
BsiEI,MseI
BsiEI,MspA1I
BsiEI,MspI
BsiEI,MssI
BsiEI,MunI
BsiEI,NaeI
BsiEI,NarI
BsiEI,NciI
BsiEI,NcoI
BsiEI,NdeI
BsiEI,NgoMIV
BsiEI,NheI
BsiEI,NlaIII
BsiEI,NruI
BsiEI,NsiI
BsiEI,NspI
BsiEI,PacI
BsiEI,PaeR7I
BsiEI,PciI
BsiEI,PluTI
BsiEI,PpuMI
BsiEI,PsiI
BsiEI,PspGI
BsiEI,PspOMI
BsiEI,PspXI
BsiEI,PstI
BsiEI,PvuII
BsiEI,RsRII
BsiEI,RsaI
BsiEI,SacI
BsiEI,SacII
BsiEI,SalI
BsiEI,Sau96I
BsiEI,SbfI
BsiEI,ScaI
BsiEI,ScrFI
BsiEI,SexAI
BsiEI,SfcI
BsiEI,SgrAI
BsiEI,SgrDI
BsiEI,SmaI
BsiEI,SmlI
BsiEI,SpeI
BsiEI,SphI
BsiEI,SrfI
BsiEI,SspI
BsiEI,StyD4I
BsiEI,StyI
BsiEI,SwaI
BsiEI,TaiI
BsiEI,TaqI
BsiEI,TasI
BsiEI,TatI
BsiEI,TauI
BsiEI,TfiI
BsiEI,TseI
BsiEI,Tsp45I
BsiEI,TspMI
BsiEI,XbaI
BsiEI,XhoI
BsiEI,XmaI
BsiEI,ZraI
BsiHKAI,BsiWI
BsiHKAI,BsoBI
BsiHKAI,BspDI
BsiHKAI,BspEI
BsiHKAI,BspHI
BsiHKAI,BspOI
BsiHKAI,BsrBI
BsiHKAI,BsrFI
BsiHKAI,BsrGI
BsiHKAI,BssHII
BsiHKAI,BssSI
BsiHKAI,BstBI
BsiHKAI,BstEII
BsiHKAI,BstNI
BsiHKAI,BstUI
BsiHKAI,BstYI
BsiHKAI,BstZ17I
BsiHKAI,Bsu36I
BsiHKAI,BtgI
BsiHKAI,ClaI
BsiHKAI,CpoI
BsiHKAI,CsiI
BsiHKAI,CviQI
BsiHKAI,DdeI
BsiHKAI,DpnI
BsiHKAI,DpnII
BsiHKAI,DraI
BsiHKAI,EaeI
BsiHKAI,EagI
BsiHKAI,Eco105I
BsiHKAI,Eco147I
BsiHKAI,Eco72I
BsiHKAI,EcoRI
BsiHKAI,EcoRV
BsiHKAI,EheI
BsiHKAI,FatI
BsiHKAI,Fnu4HI
BsiHKAI,FseI
BsiHKAI,FspAI
BsiHKAI,FspI
BsiHKAI,HaeII
BsiHKAI,HaeIII
BsiHKAI,HhaI
BsiHKAI,HinP1I
BsiHKAI,HincII
BsiHKAI,HindIII
BsiHKAI,HinfI
BsiHKAI,HpaI
BsiHKAI,HpaII
BsiHKAI,Hpy188I
BsiHKAI,Hpy99I
BsiHKAI,HpyCH4III
BsiHKAI,HpyCH4IV
BsiHKAI,KasI
BsiHKAI,KpnI
BsiHKAI,MboI
BsiHKAI,MluCI
BsiHKAI,MluI
BsiHKAI,MreI
BsiHKAI,MscI
BsiHKAI,MseI
BsiHKAI,MspA1I
BsiHKAI,MspI
BsiHKAI,MssI
BsiHKAI,MunI
BsiHKAI,NaeI
BsiHKAI,NarI
BsiHKAI,NciI
BsiHKAI,NcoI
BsiHKAI,NdeI
BsiHKAI,NgoMIV
BsiHKAI,NheI
BsiHKAI,NlaIII
BsiHKAI,NotI
BsiHKAI,NruI
BsiHKAI,NsiI
BsiHKAI,NspI
BsiHKAI,PacI
BsiHKAI,PaeR7I
BsiHKAI,PciI
BsiHKAI,PluTI
BsiHKAI,PpuMI
BsiHKAI,PsiI
BsiHKAI,PspGI
BsiHKAI,PspOMI
BsiHKAI,PspXI
BsiHKAI,PstI
BsiHKAI,PvuI
BsiHKAI,PvuII
BsiHKAI,RsRII
BsiHKAI,RsaI
BsiHKAI,SacII
BsiHKAI,SalI
BsiHKAI,Sau3AI
BsiHKAI,Sau96I
BsiHKAI,SbfI
BsiHKAI,ScaI
BsiHKAI,ScrFI
BsiHKAI,SexAI
BsiHKAI,SfcI
BsiHKAI,SgrAI
BsiHKAI,SgrDI
BsiHKAI,SmaI
BsiHKAI,SmlI
BsiHKAI,SpeI
BsiHKAI,SphI
BsiHKAI,SrfI
BsiHKAI,SspI
BsiHKAI,StyD4I
BsiHKAI,StyI
BsiHKAI,SwaI
BsiHKAI,TaiI
BsiHKAI,TaqI
BsiHKAI,TasI
BsiHKAI,TatI
BsiHKAI,TauI
BsiHKAI,TfiI
BsiHKAI,TseI
BsiHKAI,Tsp45I
BsiHKAI,TspMI
BsiHKAI,XbaI
BsiHKAI,XhoI
BsiHKAI,XmaI
BsiHKAI,ZraI
BsiWI,BsoBI
BsiWI,Bsp1286I
BsiWI,BspDI
BsiWI,BspEI
BsiWI,BspHI
BsiWI,BspOI
BsiWI,BsrBI
BsiWI,BsrFI
BsiWI,BsrGI
BsiWI,BssHII
BsiWI,BssSI
BsiWI,BstBI
BsiWI,BstEII
BsiWI,BstNI
BsiWI,BstUI
BsiWI,BstYI
BsiWI,BstZ17I
BsiWI,Bsu36I
BsiWI,BtgI
BsiWI,ClaI
BsiWI,CpoI
BsiWI,CsiI
BsiWI,CviKI-1
BsiWI,DdeI
BsiWI,DpnI
BsiWI,DpnII
BsiWI,DraI
BsiWI,EaeI
BsiWI,EagI
BsiWI,Ecl136II
BsiWI,Eco105I
BsiWI,Eco147I
BsiWI,Eco53kI
BsiWI,Eco72I
BsiWI,EcoRI
BsiWI,EcoRV
BsiWI,EheI
BsiWI,FatI
BsiWI,Fnu4HI
BsiWI,FseI
BsiWI,FspAI
BsiWI,FspI
BsiWI,HaeII
BsiWI,HaeIII
BsiWI,HhaI
BsiWI,HinP1I
BsiWI,HincII
BsiWI,HindIII
BsiWI,HinfI
BsiWI,HpaI
BsiWI,HpaII
BsiWI,Hpy188I
BsiWI,Hpy99I
BsiWI,HpyCH4III
BsiWI,HpyCH4IV
BsiWI,HpyCH4V
BsiWI,KasI
BsiWI,KpnI
BsiWI,MboI
BsiWI,MluCI
BsiWI,MluI
BsiWI,MreI
BsiWI,MscI
BsiWI,MseI
BsiWI,MspA1I
BsiWI,MspI
BsiWI,MssI
BsiWI,MunI
BsiWI,NaeI
BsiWI,NarI
BsiWI,NciI
BsiWI,NcoI
BsiWI,NdeI
BsiWI,NgoMIV
BsiWI,NheI
BsiWI,NlaIII
BsiWI,NotI
BsiWI,NruI
BsiWI,NsiI
BsiWI,NspI
BsiWI,PacI
BsiWI,PaeR7I
BsiWI,PciI
BsiWI,PluTI
BsiWI,PpuMI
BsiWI,PsiI
BsiWI,PspGI
BsiWI,PspOMI
BsiWI,PspXI
BsiWI,PstI
BsiWI,PvuI
BsiWI,PvuII
BsiWI,RsRII
BsiWI,SacI
BsiWI,SacII
BsiWI,SalI
BsiWI,Sau3AI
BsiWI,Sau96I
BsiWI,SbfI
BsiWI,ScaI
BsiWI,ScrFI
BsiWI,SexAI
BsiWI,SfcI
BsiWI,SgrAI
BsiWI,SgrDI
BsiWI,SmaI
BsiWI,SmlI
BsiWI,SpeI
BsiWI,SphI
BsiWI,SrfI
BsiWI,SspI
BsiWI,StyD4I
BsiWI,StyI
BsiWI,SwaI
BsiWI,TaiI
BsiWI,TaqI
BsiWI,TasI
BsiWI,TatI
BsiWI,TauI
BsiWI,TfiI
BsiWI,TseI
BsiWI,Tsp45I
BsiWI,TspMI
BsiWI,XbaI
BsiWI,XhoI
BsiWI,XmaI
BsiWI,ZraI
BsoBI,Bsp1286I
BsoBI,BspDI
BsoBI,BspEI
BsoBI,BspHI
BsoBI,BspOI
BsoBI,BsrBI
BsoBI,BsrFI
BsoBI,BsrGI
BsoBI,BssHII
BsoBI,BssSI
BsoBI,BstBI
BsoBI,BstEII
BsoBI,BstNI
BsoBI,BstUI
BsoBI,BstYI
BsoBI,BstZ17I
BsoBI,Bsu36I
BsoBI,BtgI
BsoBI,ClaI
BsoBI,CpoI
BsoBI,CsiI
BsoBI,CviKI-1
BsoBI,CviQI
BsoBI,DdeI
BsoBI,DpnI
BsoBI,DpnII
BsoBI,DraI
BsoBI,EaeI
BsoBI,EagI
BsoBI,Ecl136II
BsoBI,Eco105I
BsoBI,Eco147I
BsoBI,Eco53kI
BsoBI,Eco72I
BsoBI,EcoRI
BsoBI,EcoRV
BsoBI,EheI
BsoBI,FatI
BsoBI,Fnu4HI
BsoBI,FseI
BsoBI,FspAI
BsoBI,FspI
BsoBI,HaeII
BsoBI,HaeIII
BsoBI,HhaI
BsoBI,HinP1I
BsoBI,HincII
BsoBI,HindIII
BsoBI,HinfI
BsoBI,HpaI
BsoBI,Hpy188I
BsoBI,Hpy99I
BsoBI,HpyCH4III
BsoBI,HpyCH4IV
BsoBI,HpyCH4V
BsoBI,KasI
BsoBI,KpnI
BsoBI,MboI
BsoBI,MluCI
BsoBI,MluI
BsoBI,MreI
BsoBI,MscI
BsoBI,MseI
BsoBI,MspA1I
BsoBI,MssI
BsoBI,MunI
BsoBI,NaeI
BsoBI,NarI
BsoBI,NcoI
BsoBI,NdeI
BsoBI,NgoMIV
BsoBI,NheI
BsoBI,NlaIII
BsoBI,NotI
BsoBI,NruI
BsoBI,NsiI
BsoBI,NspI
BsoBI,PacI
BsoBI,PciI
BsoBI,PluTI
BsoBI,PpuMI
BsoBI,PsiI
BsoBI,PspGI
BsoBI,PspOMI
BsoBI,PstI
BsoBI,PvuI
BsoBI,PvuII
BsoBI,RsRII
BsoBI,RsaI
BsoBI,SacI
BsoBI,SacII
BsoBI,SalI
BsoBI,Sau3AI
BsoBI,Sau96I
BsoBI,SbfI
BsoBI,ScaI
BsoBI,SexAI
BsoBI,SfcI
BsoBI,SgrAI
BsoBI,SgrDI
BsoBI,SpeI
BsoBI,SphI
BsoBI,SspI
BsoBI,StyI
BsoBI,SwaI
BsoBI,TaiI
BsoBI,TasI
BsoBI,TatI
BsoBI,TauI
BsoBI,TfiI
BsoBI,TseI
BsoBI,Tsp45I
BsoBI,XbaI
BsoBI,ZraI
Bsp1286I,BspDI
Bsp1286I,BspEI
Bsp1286I,BspHI
Bsp1286I,BspOI
Bsp1286I,BsrBI
Bsp1286I,BsrFI
Bsp1286I,BsrGI
Bsp1286I,BssHII
Bsp1286I,BssSI
Bsp1286I,BstBI
Bsp1286I,BstEII
Bsp1286I,BstNI
Bsp1286I,BstUI
Bsp1286I,BstYI
Bsp1286I,BstZ17I
Bsp1286I,Bsu36I
Bsp1286I,BtgI
Bsp1286I,ClaI
Bsp1286I,CpoI
Bsp1286I,CsiI
Bsp1286I,CviQI
Bsp1286I,DdeI
Bsp1286I,DpnI
Bsp1286I,DpnII
Bsp1286I,DraI
Bsp1286I,EaeI
Bsp1286I,EagI
Bsp1286I,Eco105I
Bsp1286I,Eco147I
Bsp1286I,Eco72I
Bsp1286I,EcoRI
Bsp1286I,EcoRV
Bsp1286I,EheI
Bsp1286I,FatI
Bsp1286I,Fnu4HI
Bsp1286I,FseI
Bsp1286I,FspAI
Bsp1286I,FspI
Bsp1286I,HaeII
Bsp1286I,HhaI
Bsp1286I,HinP1I
Bsp1286I,HincII
Bsp1286I,HindIII
Bsp1286I,HinfI
Bsp1286I,HpaI
Bsp1286I,HpaII
Bsp1286I,Hpy188I
Bsp1286I,Hpy99I
Bsp1286I,HpyCH4III
Bsp1286I,HpyCH4IV
Bsp1286I,KasI
Bsp1286I,KpnI
Bsp1286I,MboI
Bsp1286I,MluCI
Bsp1286I,MluI
Bsp1286I,MreI
Bsp1286I,MscI
Bsp1286I,MseI
Bsp1286I,MspA1I
Bsp1286I,MspI
Bsp1286I,MssI
Bsp1286I,MunI
Bsp1286I,NaeI
Bsp1286I,NarI
Bsp1286I,NciI
Bsp1286I,NcoI
Bsp1286I,NdeI
Bsp1286I,NgoMIV
Bsp1286I,NheI
Bsp1286I,NlaIII
Bsp1286I,NotI
Bsp1286I,NruI
Bsp1286I,NsiI
Bsp1286I,NspI
Bsp1286I,PacI
Bsp1286I,PaeR7I
Bsp1286I,PciI
Bsp1286I,PluTI
Bsp1286I,PpuMI
Bsp1286I,PsiI
Bsp1286I,PspGI
Bsp1286I,PspXI
Bsp1286I,PstI
Bsp1286I,PvuI
Bsp1286I,PvuII
Bsp1286I,RsRII
Bsp1286I,RsaI
Bsp1286I,SacII
Bsp1286I,SalI
Bsp1286I,Sau3AI
Bsp1286I,SbfI
Bsp1286I,ScaI
Bsp1286I,ScrFI
Bsp1286I,SexAI
Bsp1286I,SfcI
Bsp1286I,SgrAI
Bsp1286I,SgrDI
Bsp1286I,SmaI
Bsp1286I,SmlI
Bsp1286I,SpeI
Bsp1286I,SphI
Bsp1286I,SrfI
Bsp1286I,SspI
Bsp1286I,StyD4I
Bsp1286I,StyI
Bsp1286I,SwaI
Bsp1286I,TaiI
Bsp1286I,TaqI
Bsp1286I,TasI
Bsp1286I,TatI
Bsp1286I,TauI
Bsp1286I,TfiI
Bsp1286I,TseI
Bsp1286I,Tsp45I
Bsp1286I,TspMI
Bsp1286I,XbaI
Bsp1286I,XhoI
Bsp1286I,XmaI
Bsp1286I,ZraI
BspDI,BspEI
BspDI,BspHI
BspDI,BspOI
BspDI,BsrBI
BspDI,BsrFI
BspDI,BsrGI
BspDI,BssHII
BspDI,BssSI
BspDI,BstBI
BspDI,BstEII
BspDI,BstNI
BspDI,BstUI
BspDI,BstYI
BspDI,BstZ17I
BspDI,Bsu36I
BspDI,BtgI
BspDI,CpoI
BspDI,CsiI
BspDI,CviKI-1
BspDI,CviQI
BspDI,DdeI
BspDI,DpnI
BspDI,DpnII
BspDI,DraI
BspDI,EaeI
BspDI,EagI
BspDI,Ecl136II
BspDI,Eco105I
BspDI,Eco147I
BspDI,Eco53kI
BspDI,Eco72I
BspDI,EcoRI
BspDI,EcoRV
BspDI,EheI
BspDI,FatI
BspDI,Fnu4HI
BspDI,FseI
BspDI,FspAI
BspDI,FspI
BspDI,HaeII
BspDI,HaeIII
BspDI,HhaI
BspDI,HinP1I
BspDI,HincII
BspDI,HindIII
BspDI,HinfI
BspDI,HpaI
BspDI,HpaII
BspDI,Hpy188I
BspDI,Hpy99I
BspDI,HpyCH4III
BspDI,HpyCH4IV
BspDI,HpyCH4V
BspDI,KasI
BspDI,KpnI
BspDI,MboI
BspDI,MluCI
BspDI,MluI
BspDI,MreI
BspDI,MscI
BspDI,MseI
BspDI,MspA1I
BspDI,MspI
BspDI,MssI
BspDI,MunI
BspDI,NaeI
BspDI,NarI
BspDI,NciI
BspDI,NcoI
BspDI,NdeI
BspDI,NgoMIV
BspDI,NheI
BspDI,NlaIII
BspDI,NotI
BspDI,NruI
BspDI,NsiI
BspDI,NspI
BspDI,PacI
BspDI,PaeR7I
BspDI,PciI
BspDI,PluTI
BspDI,PpuMI
BspDI,PsiI
BspDI,PspGI
BspDI,PspOMI
BspDI,PspXI
BspDI,PstI
BspDI,PvuI
BspDI,PvuII
BspDI,RsRII
BspDI,RsaI
BspDI,SacI
BspDI,SacII
BspDI,SalI
BspDI,Sau3AI
BspDI,Sau96I
BspDI,SbfI
BspDI,ScaI
BspDI,ScrFI
BspDI,SexAI
BspDI,SfcI
BspDI,SgrAI
BspDI,SgrDI
BspDI,SmaI
BspDI,SmlI
BspDI,SpeI
BspDI,SphI
BspDI,SrfI
BspDI,SspI
BspDI,StyD4I
BspDI,StyI
BspDI,SwaI
BspDI,TaiI
BspDI,TasI
BspDI,TatI
BspDI,TauI
BspDI,TfiI
BspDI,TseI
BspDI,Tsp45I
BspDI,TspMI
BspDI,XbaI
BspDI,XhoI
BspDI,XmaI
BspDI,ZraI
BspEI,BspHI
BspEI,BspOI
BspEI,BsrBI
BspEI,BsrFI
BspEI,BsrGI
BspEI,BssHII
BspEI,BssSI
BspEI,BstBI
BspEI,BstEII
BspEI,BstNI
BspEI,BstUI
BspEI,BstYI
BspEI,BstZ17I
BspEI,Bsu36I
BspEI,BtgI
BspEI,ClaI
BspEI,CpoI
BspEI,CsiI
BspEI,CviKI-1
BspEI,CviQI
BspEI,DdeI
BspEI,DpnI
BspEI,DpnII
BspEI,DraI
BspEI,EaeI
BspEI,EagI
BspEI,Ecl136II
BspEI,Eco105I
BspEI,Eco147I
BspEI,Eco53kI
BspEI,Eco72I
BspEI,EcoRI
BspEI,EcoRV
BspEI,EheI
BspEI,FatI
BspEI,Fnu4HI
BspEI,FseI
BspEI,FspAI
BspEI,FspI
BspEI,HaeII
BspEI,HaeIII
BspEI,HhaI
BspEI,HinP1I
BspEI,HincII
BspEI,HindIII
BspEI,HinfI
BspEI,HpaI
BspEI,Hpy188I
BspEI,Hpy99I
BspEI,HpyCH4III
BspEI,HpyCH4IV
BspEI,HpyCH4V
BspEI,KasI
BspEI,KpnI
BspEI,MboI
BspEI,MluCI
BspEI,MluI
BspEI,MreI
BspEI,MscI
BspEI,MseI
BspEI,MspA1I
BspEI,MssI
BspEI,MunI
BspEI,NaeI
BspEI,NarI
BspEI,NciI
BspEI,NcoI
BspEI,NdeI
BspEI,NgoMIV
BspEI,NheI
BspEI,NlaIII
BspEI,NotI
BspEI,NruI
BspEI,NsiI
BspEI,NspI
BspEI,PacI
BspEI,PaeR7I
BspEI,PciI
BspEI,PluTI
BspEI,PpuMI
BspEI,PsiI
BspEI,PspGI
BspEI,PspOMI
BspEI,PspXI
BspEI,PstI
BspEI,PvuI
BspEI,PvuII
BspEI,RsRII
BspEI,RsaI
BspEI,SacI
BspEI,SacII
BspEI,SalI
BspEI,Sau3AI
BspEI,Sau96I
BspEI,SbfI
BspEI,ScaI
BspEI,ScrFI
BspEI,SexAI
BspEI,SfcI
BspEI,SgrAI
BspEI,SgrDI
BspEI,SmaI
BspEI,SmlI
BspEI,SpeI
BspEI,SphI
BspEI,SrfI
BspEI,SspI
BspEI,StyD4I
BspEI,StyI
BspEI,SwaI
BspEI,TaiI
BspEI,TaqI
BspEI,TasI
BspEI,TatI
BspEI,TauI
BspEI,TfiI
BspEI,TseI
BspEI,Tsp45I
BspEI,TspMI
BspEI,XbaI
BspEI,XhoI
BspEI,XmaI
BspEI,ZraI
BspHI,BspOI
BspHI,BsrBI
BspHI,BsrFI
BspHI,BsrGI
BspHI,BssHII
BspHI,BssSI
BspHI,BstBI
BspHI,BstEII
BspHI,BstNI
BspHI,BstUI
BspHI,BstYI
BspHI,BstZ17I
BspHI,Bsu36I
BspHI,BtgI
BspHI,ClaI
BspHI,CpoI
BspHI,CsiI
BspHI,CviKI-1
BspHI,CviQI
BspHI,DdeI
BspHI,DpnI
BspHI,DpnII
BspHI,DraI
BspHI,EaeI
BspHI,EagI
BspHI,Ecl136II
BspHI,Eco105I
BspHI,Eco147I
BspHI,Eco53kI
BspHI,Eco72I
BspHI,EcoRI
BspHI,EcoRV
BspHI,EheI
BspHI,Fnu4HI
BspHI,FseI
BspHI,FspAI
BspHI,FspI
BspHI,HaeII
BspHI,HaeIII
BspHI,HhaI
BspHI,HinP1I
BspHI,HincII
BspHI,HindIII
BspHI,HinfI
BspHI,HpaI
BspHI,HpaII
BspHI,Hpy188I
BspHI,Hpy99I
BspHI,HpyCH4III
BspHI,HpyCH4IV
BspHI,HpyCH4V
BspHI,KasI
BspHI,KpnI
BspHI,MboI
BspHI,MluCI
BspHI,MluI
BspHI,MreI
BspHI,MscI
BspHI,MseI
BspHI,MspA1I
BspHI,MspI
BspHI,MssI
BspHI,MunI
BspHI,NaeI
BspHI,NarI
BspHI,NciI
BspHI,NcoI
BspHI,NdeI
BspHI,NgoMIV
BspHI,NheI
BspHI,NotI
BspHI,NruI
BspHI,NsiI
BspHI,NspI
BspHI,PacI
BspHI,PaeR7I
BspHI,PciI
BspHI,PluTI
BspHI,PpuMI
BspHI,PsiI
BspHI,PspGI
BspHI,PspOMI
BspHI,PspXI
BspHI,PstI
BspHI,PvuI
BspHI,PvuII
BspHI,RsRII
BspHI,RsaI
BspHI,SacI
BspHI,SacII
BspHI,SalI
BspHI,Sau3AI
BspHI,Sau96I
BspHI,SbfI
BspHI,ScaI
BspHI,ScrFI
BspHI,SexAI
BspHI,SfcI
BspHI,SgrAI
BspHI,SgrDI
BspHI,SmaI
BspHI,SmlI
BspHI,SpeI
BspHI,SphI
BspHI,SrfI
BspHI,SspI
BspHI,StyD4I
BspHI,StyI
BspHI,SwaI
BspHI,TaiI
BspHI,TaqI
BspHI,TasI
BspHI,TatI
BspHI,TauI
BspHI,TfiI
BspHI,TseI
BspHI,Tsp45I
BspHI,TspMI
BspHI,XbaI
BspHI,XhoI
BspHI,XmaI
BspHI,ZraI
BspOI,BsrBI
BspOI,BsrFI
BspOI,BsrGI
BspOI,BssHII
BspOI,BssSI
BspOI,BstBI
BspOI,BstEII
BspOI,BstNI
BspOI,BstUI
BspOI,BstYI
BspOI,BstZ17I
BspOI,Bsu36I
BspOI,BtgI
BspOI,ClaI
BspOI,CpoI
BspOI,CsiI
BspOI,CviKI-1
BspOI,CviQI
BspOI,DdeI
BspOI,DpnI
BspOI,DpnII
BspOI,DraI
BspOI,EaeI
BspOI,EagI
BspOI,Ecl136II
BspOI,Eco105I
BspOI,Eco147I
BspOI,Eco53kI
BspOI,Eco72I
BspOI,EcoRI
BspOI,EcoRV
BspOI,EheI
BspOI,FatI
BspOI,Fnu4HI
BspOI,FseI
BspOI,FspAI
BspOI,FspI
BspOI,HaeII
BspOI,HaeIII
BspOI,HhaI
BspOI,HinP1I
BspOI,HincII
BspOI,HindIII
BspOI,HinfI
BspOI,HpaI
BspOI,HpaII
BspOI,Hpy188I
BspOI,Hpy99I
BspOI,HpyCH4III
BspOI,HpyCH4IV
BspOI,HpyCH4V
BspOI,KasI
BspOI,KpnI
BspOI,MboI
BspOI,MluCI
BspOI,MluI
BspOI,MreI
BspOI,MscI
BspOI,MseI
BspOI,MspA1I
BspOI,MspI
BspOI,MssI
BspOI,MunI
BspOI,NaeI
BspOI,NarI
BspOI,NciI
BspOI,NcoI
BspOI,NdeI
BspOI,NgoMIV
BspOI,NlaIII
BspOI,NotI
BspOI,NruI
BspOI,NsiI
BspOI,NspI
BspOI,PacI
BspOI,PaeR7I
BspOI,PciI
BspOI,PluTI
BspOI,PpuMI
BspOI,PsiI
BspOI,PspGI
BspOI,PspOMI
BspOI,PspXI
BspOI,PstI
BspOI,PvuI
BspOI,PvuII
BspOI,RsRII
BspOI,RsaI
BspOI,SacI
BspOI,SacII
BspOI,SalI
BspOI,Sau3AI
BspOI,Sau96I
BspOI,SbfI
BspOI,ScaI
BspOI,ScrFI
BspOI,SexAI
BspOI,SfcI
BspOI,SgrAI
BspOI,SgrDI
BspOI,SmaI
BspOI,SmlI
BspOI,SpeI
BspOI,SphI
BspOI,SrfI
BspOI,SspI
BspOI,StyD4I
BspOI,StyI
BspOI,SwaI
BspOI,TaiI
BspOI,TaqI
BspOI,TasI
BspOI,TatI
BspOI,TauI
BspOI,TfiI
BspOI,TseI
BspOI,Tsp45I
BspOI,TspMI
BspOI,XbaI
BspOI,XhoI
BspOI,XmaI
BspOI,ZraI
BsrBI,BsrFI
BsrBI,BsrGI
BsrBI,BssHII
BsrBI,BssSI
BsrBI,BstBI
BsrBI,BstEII
BsrBI,BstNI
BsrBI,BstUI
BsrBI,BstYI
BsrBI,BstZ17I
BsrBI,Bsu36I
BsrBI,BtgI
BsrBI,ClaI
BsrBI,CpoI
BsrBI,CsiI
BsrBI,CviKI-1
BsrBI,CviQI
BsrBI,DdeI
BsrBI,DpnI
BsrBI,DpnII
BsrBI,DraI
BsrBI,EaeI
BsrBI,EagI
BsrBI,Ecl136II
BsrBI,Eco105I
BsrBI,Eco147I
BsrBI,Eco53kI
BsrBI,Eco72I
BsrBI,EcoRI
BsrBI,EcoRV
BsrBI,EheI
BsrBI,FatI
BsrBI,Fnu4HI
BsrBI,FseI
BsrBI,FspAI
BsrBI,FspI
BsrBI,HaeII
BsrBI,HaeIII
BsrBI,HhaI
BsrBI,HinP1I
BsrBI,HincII
BsrBI,HindIII
BsrBI,HinfI
BsrBI,HpaI
BsrBI,HpaII
BsrBI,Hpy188I
BsrBI,Hpy99I
BsrBI,HpyCH4III
BsrBI,HpyCH4IV
BsrBI,HpyCH4V
BsrBI,KasI
BsrBI,KpnI
BsrBI,MboI
BsrBI,MluCI
BsrBI,MluI
BsrBI,MreI
BsrBI,MscI
BsrBI,MseI
BsrBI,MspA1I
BsrBI,MspI
BsrBI,MssI
BsrBI,MunI
BsrBI,NaeI
BsrBI,NarI
BsrBI,NciI
BsrBI,NcoI
BsrBI,NdeI
BsrBI,NgoMIV
BsrBI,NheI
BsrBI,NlaIII
BsrBI,NotI
BsrBI,NruI
BsrBI,NsiI
BsrBI,NspI
BsrBI,PacI
BsrBI,PaeR7I
BsrBI,PciI
BsrBI,PluTI
BsrBI,PpuMI
BsrBI,PsiI
BsrBI,PspGI
BsrBI,PspOMI
BsrBI,PspXI
BsrBI,PstI
BsrBI,PvuI
BsrBI,PvuII
BsrBI,RsRII
BsrBI,RsaI
BsrBI,SacI
BsrBI,SacII
BsrBI,SalI
BsrBI,Sau3AI
BsrBI,Sau96I
BsrBI,SbfI
BsrBI,ScaI
BsrBI,ScrFI
BsrBI,SexAI
BsrBI,SfcI
BsrBI,SgrAI
BsrBI,SgrDI
BsrBI,SmaI
BsrBI,SmlI
BsrBI,SpeI
BsrBI,SphI
BsrBI,SrfI
BsrBI,SspI
BsrBI,StyD4I
BsrBI,StyI
BsrBI,SwaI
BsrBI,TaiI
BsrBI,TaqI
BsrBI,TasI
BsrBI,TatI
BsrBI,TauI
BsrBI,TfiI
BsrBI,TseI
BsrBI,Tsp45I
BsrBI,TspMI
BsrBI,XbaI
BsrBI,XhoI
BsrBI,XmaI
BsrBI,ZraI
BsrFI,BsrGI
BsrFI,BssHII
BsrFI,BssSI
BsrFI,BstBI
BsrFI,BstEII
BsrFI,BstNI
BsrFI,BstUI
BsrFI,BstYI
BsrFI,BstZ17I
BsrFI,Bsu36I
BsrFI,BtgI
BsrFI,ClaI
BsrFI,CpoI
BsrFI,CsiI
BsrFI,CviKI-1
BsrFI,CviQI
BsrFI,DdeI
BsrFI,DpnI
BsrFI,DpnII
BsrFI,DraI
BsrFI,EaeI
BsrFI,EagI
BsrFI,Ecl136II
BsrFI,Eco105I
BsrFI,Eco147I
BsrFI,Eco53kI
BsrFI,Eco72I
BsrFI,EcoRI
BsrFI,EcoRV
BsrFI,EheI
BsrFI,FatI
BsrFI,Fnu4HI
BsrFI,FspAI
BsrFI,FspI
BsrFI,HaeII
BsrFI,HaeIII
BsrFI,HhaI
BsrFI,HinP1I
BsrFI,HincII
BsrFI,HindIII
BsrFI,HinfI
BsrFI,HpaI
BsrFI,Hpy188I
BsrFI,Hpy99I
BsrFI,HpyCH4III
BsrFI,HpyCH4IV
BsrFI,HpyCH4V
BsrFI,KasI
BsrFI,KpnI
BsrFI,MboI
BsrFI,MluCI
BsrFI,MluI
BsrFI,MscI
BsrFI,MseI
BsrFI,MspA1I
BsrFI,MssI
BsrFI,MunI
BsrFI,NarI
BsrFI,NciI
BsrFI,NcoI
BsrFI,NdeI
BsrFI,NheI
BsrFI,NlaIII
BsrFI,NotI
BsrFI,NruI
BsrFI,NsiI
BsrFI,NspI
BsrFI,PacI
BsrFI,PaeR7I
BsrFI,PciI
BsrFI,PluTI
BsrFI,PpuMI
BsrFI,PsiI
BsrFI,PspGI
BsrFI,PspOMI
BsrFI,PspXI
BsrFI,PstI
BsrFI,PvuI
BsrFI,PvuII
BsrFI,RsRII
BsrFI,RsaI
BsrFI,SacI
BsrFI,SacII
BsrFI,SalI
BsrFI,Sau3AI
BsrFI,Sau96I
BsrFI,SbfI
BsrFI,ScaI
BsrFI,ScrFI
BsrFI,SexAI
BsrFI,SfcI
BsrFI,SgrDI
BsrFI,SmaI
BsrFI,SmlI
BsrFI,SpeI
BsrFI,SphI
BsrFI,SrfI
BsrFI,SspI
BsrFI,StyD4I
BsrFI,StyI
BsrFI,SwaI
BsrFI,TaiI
BsrFI,TaqI
BsrFI,TasI
BsrFI,TatI
BsrFI,TauI
BsrFI,TfiI
BsrFI,TseI
BsrFI,Tsp45I
BsrFI,TspMI
BsrFI,XbaI
BsrFI,XhoI
BsrFI,XmaI
BsrFI,ZraI
BsrGI,BssHII
BsrGI,BssSI
BsrGI,BstBI
BsrGI,BstEII
BsrGI,BstNI
BsrGI,BstUI
BsrGI,BstYI
BsrGI,BstZ17I
BsrGI,Bsu36I
BsrGI,BtgI
BsrGI,ClaI
BsrGI,CpoI
BsrGI,CsiI
BsrGI,CviKI-1
BsrGI,DdeI
BsrGI,DpnI
BsrGI,DpnII
BsrGI,DraI
BsrGI,EaeI
BsrGI,EagI
BsrGI,Ecl136II
BsrGI,Eco105I
BsrGI,Eco147I
BsrGI,Eco53kI
BsrGI,Eco72I
BsrGI,EcoRI
BsrGI,EcoRV
BsrGI,EheI
BsrGI,FatI
BsrGI,Fnu4HI
BsrGI,FseI
BsrGI,FspAI
BsrGI,FspI
BsrGI,HaeII
BsrGI,HaeIII
BsrGI,HhaI
BsrGI,HinP1I
BsrGI,HincII
BsrGI,HindIII
BsrGI,HinfI
BsrGI,HpaI
BsrGI,HpaII
BsrGI,Hpy188I
BsrGI,Hpy99I
BsrGI,HpyCH4III
BsrGI,HpyCH4IV
BsrGI,HpyCH4V
BsrGI,KasI
BsrGI,KpnI
BsrGI,MboI
BsrGI,MluCI
BsrGI,MluI
BsrGI,MreI
BsrGI,MscI
BsrGI,MseI
BsrGI,MspA1I
BsrGI,MspI
BsrGI,MssI
BsrGI,MunI
BsrGI,NaeI
BsrGI,NarI
BsrGI,NciI
BsrGI,NcoI
BsrGI,NdeI
BsrGI,NgoMIV
BsrGI,NheI
BsrGI,NlaIII
BsrGI,NotI
BsrGI,NruI
BsrGI,NsiI
BsrGI,NspI
BsrGI,PacI
BsrGI,PaeR7I
BsrGI,PciI
BsrGI,PluTI
BsrGI,PpuMI
BsrGI,PsiI
BsrGI,PspGI
BsrGI,PspOMI
BsrGI,PspXI
BsrGI,PstI
BsrGI,PvuI
BsrGI,PvuII
BsrGI,RsRII
BsrGI,SacI
BsrGI,SacII
BsrGI,SalI
BsrGI,Sau3AI
BsrGI,Sau96I
BsrGI,SbfI
BsrGI,ScaI
BsrGI,ScrFI
BsrGI,SexAI
BsrGI,SfcI
BsrGI,SgrAI
BsrGI,SgrDI
BsrGI,SmaI
BsrGI,SmlI
BsrGI,SpeI
BsrGI,SphI
BsrGI,SrfI
BsrGI,SspI
BsrGI,StyD4I
BsrGI,StyI
BsrGI,SwaI
BsrGI,TaiI
BsrGI,TaqI
BsrGI,TasI
BsrGI,TauI
BsrGI,TfiI
BsrGI,TseI
BsrGI,Tsp45I
BsrGI,TspMI
BsrGI,XbaI
BsrGI,XhoI
BsrGI,XmaI
BsrGI,ZraI
BssHII,BssSI
BssHII,BstBI
BssHII,BstEII
BssHII,BstNI
BssHII,BstYI
BssHII,BstZ17I
BssHII,Bsu36I
BssHII,BtgI
BssHII,ClaI
BssHII,CpoI
BssHII,CsiI
BssHII,CviKI-1
BssHII,CviQI
BssHII,DdeI
BssHII,DpnI
BssHII,DpnII
BssHII,DraI
BssHII,EaeI
BssHII,EagI
BssHII,Ecl136II
BssHII,Eco105I
BssHII,Eco147I
BssHII,Eco53kI
BssHII,Eco72I
BssHII,EcoRI
BssHII,EcoRV
BssHII,EheI
BssHII,FatI
BssHII,Fnu4HI
BssHII,FseI
BssHII,FspAI
BssHII,FspI
BssHII,HaeII
BssHII,HaeIII
BssHII,HincII
BssHII,HindIII
BssHII,HinfI
BssHII,HpaI
BssHII,HpaII
BssHII,Hpy188I
BssHII,Hpy99I
BssHII,HpyCH4III
BssHII,HpyCH4IV
BssHII,HpyCH4V
BssHII,KasI
BssHII,KpnI
BssHII,MboI
BssHII,MluCI
BssHII,MluI
BssHII,MreI
BssHII,MscI
BssHII,MseI
BssHII,MspA1I
BssHII,MspI
BssHII,MssI
BssHII,MunI
BssHII,NaeI
BssHII,NarI
BssHII,NciI
BssHII,NcoI
BssHII,NdeI
BssHII,NgoMIV
BssHII,NheI
BssHII,NlaIII
BssHII,NotI
BssHII,NruI
BssHII,NsiI
BssHII,NspI
BssHII,PacI
BssHII,PaeR7I
BssHII,PciI
BssHII,PluTI
BssHII,PpuMI
BssHII,PsiI
BssHII,PspGI
BssHII,PspOMI
BssHII,PspXI
BssHII,PstI
BssHII,PvuI
BssHII,PvuII
BssHII,RsRII
BssHII,RsaI
BssHII,SacI
BssHII,SacII
BssHII,SalI
BssHII,Sau3AI
BssHII,Sau96I
BssHII,SbfI
BssHII,ScaI
BssHII,ScrFI
BssHII,SexAI
BssHII,SfcI
BssHII,SgrAI
BssHII,SgrDI
BssHII,SmaI
BssHII,SmlI
BssHII,SpeI
BssHII,SphI
BssHII,SrfI
BssHII,SspI
BssHII,StyD4I
BssHII,StyI
BssHII,SwaI
BssHII,TaiI
BssHII,TaqI
BssHII,TasI
BssHII,TatI
BssHII,TauI
BssHII,TfiI
BssHII,TseI
BssHII,Tsp45I
BssHII,TspMI
BssHII,XbaI
BssHII,XhoI
BssHII,XmaI
BssHII,ZraI
BssSI,BstBI
BssSI,BstEII
BssSI,BstNI
BssSI,BstUI
BssSI,BstYI
BssSI,BstZ17I
BssSI,Bsu36I
BssSI,BtgI
BssSI,ClaI
BssSI,CpoI
BssSI,CsiI
BssSI,CviKI-1
BssSI,CviQI
BssSI,DdeI
BssSI,DpnI
BssSI,DpnII
BssSI,DraI
BssSI,EaeI
BssSI,EagI
BssSI,Ecl136II
BssSI,Eco105I
BssSI,Eco147I
BssSI,Eco53kI
BssSI,Eco72I
BssSI,EcoRI
BssSI,EcoRV
BssSI,EheI
BssSI,FatI
BssSI,Fnu4HI
BssSI,FseI
BssSI,FspAI
BssSI,FspI
BssSI,HaeII
BssSI,HaeIII
BssSI,HhaI
BssSI,HinP1I
BssSI,HincII
BssSI,HindIII
BssSI,HinfI
BssSI,HpaI
BssSI,HpaII
BssSI,Hpy188I
BssSI,Hpy99I
BssSI,HpyCH4III
BssSI,HpyCH4IV
BssSI,HpyCH4V
BssSI,KasI
BssSI,KpnI
BssSI,MboI
BssSI,MluCI
BssSI,MluI
BssSI,MreI
BssSI,MscI
BssSI,MseI
BssSI,MspA1I
BssSI,MspI
BssSI,MssI
BssSI,MunI
BssSI,NaeI
BssSI,NarI
BssSI,NciI
BssSI,NcoI
BssSI,NdeI
BssSI,NgoMIV
BssSI,NheI
BssSI,NlaIII
BssSI,NotI
BssSI,NruI
BssSI,NsiI
BssSI,NspI
BssSI,PacI
BssSI,PaeR7I
BssSI,PciI
BssSI,PluTI
BssSI,PpuMI
BssSI,PsiI
BssSI,PspGI
BssSI,PspOMI
BssSI,PspXI
BssSI,PstI
BssSI,PvuI
BssSI,PvuII
BssSI,RsRII
BssSI,RsaI
BssSI,SacI
BssSI,SacII
BssSI,SalI
BssSI,Sau3AI
BssSI,Sau96I
BssSI,SbfI
BssSI,ScaI
BssSI,ScrFI
BssSI,SexAI
BssSI,SfcI
BssSI,SgrAI
BssSI,SgrDI
BssSI,SmaI
BssSI,SmlI
BssSI,SpeI
BssSI,SphI
BssSI,SrfI
BssSI,SspI
BssSI,StyD4I
BssSI,StyI
BssSI,SwaI
BssSI,TaiI
BssSI,TaqI
BssSI,TasI
BssSI,TatI
BssSI,TauI
BssSI,TfiI
BssSI,TseI
BssSI,Tsp45I
BssSI,TspMI
BssSI,XbaI
BssSI,XhoI
BssSI,XmaI
BssSI,ZraI
BstBI,BstEII
BstBI,BstNI
BstBI,BstUI
BstBI,BstYI
BstBI,BstZ17I
BstBI,Bsu36I
BstBI,BtgI
BstBI,ClaI
BstBI,CpoI
BstBI,CsiI
BstBI,CviKI-1
BstBI,CviQI
BstBI,DdeI
BstBI,DpnI
BstBI,DpnII
BstBI,DraI
BstBI,EaeI
BstBI,EagI
BstBI,Ecl136II
BstBI,Eco105I
BstBI,Eco147I
BstBI,Eco53kI
BstBI,Eco72I
BstBI,EcoRI
BstBI,EcoRV
BstBI,EheI
BstBI,FatI
BstBI,Fnu4HI
BstBI,FseI
BstBI,FspAI
BstBI,FspI
BstBI,HaeII
BstBI,HaeIII
BstBI,HhaI
BstBI,HinP1I
BstBI,HincII
BstBI,HindIII
BstBI,HinfI
BstBI,HpaI
BstBI,HpaII
BstBI,Hpy188I
BstBI,Hpy99I
BstBI,HpyCH4III
BstBI,HpyCH4IV
BstBI,HpyCH4V
BstBI,KasI
BstBI,KpnI
BstBI,MboI
BstBI,MluCI
BstBI,MluI
BstBI,MreI
BstBI,MscI
BstBI,MseI
BstBI,MspA1I
BstBI,MspI
BstBI,MssI
BstBI,MunI
BstBI,NaeI
BstBI,NarI
BstBI,NciI
BstBI,NcoI
BstBI,NdeI
BstBI,NgoMIV
BstBI,NheI
BstBI,NlaIII
BstBI,NotI
BstBI,NruI
BstBI,NsiI
BstBI,NspI
BstBI,PacI
BstBI,PaeR7I
BstBI,PciI
BstBI,PluTI
BstBI,PpuMI
BstBI,PsiI
BstBI,PspGI
BstBI,PspOMI
BstBI,PspXI
BstBI,PstI
BstBI,PvuI
BstBI,PvuII
BstBI,RsRII
BstBI,RsaI
BstBI,SacI
BstBI,SacII
BstBI,SalI
BstBI,Sau3AI
BstBI,Sau96I
BstBI,SbfI
BstBI,ScaI
BstBI,ScrFI
BstBI,SexAI
BstBI,SfcI
BstBI,SgrAI
BstBI,SgrDI
BstBI,SmaI
BstBI,SmlI
BstBI,SpeI
BstBI,SphI
BstBI,SrfI
BstBI,SspI
BstBI,StyD4I
BstBI,StyI
BstBI,SwaI
BstBI,TaiI
BstBI,TasI
BstBI,TatI
BstBI,TauI
BstBI,TfiI
BstBI,TseI
BstBI,Tsp45I
BstBI,TspMI
BstBI,XbaI
BstBI,XhoI
BstBI,XmaI
BstBI,ZraI
BstEII,BstNI
BstEII,BstUI
BstEII,BstYI
BstEII,BstZ17I
BstEII,Bsu36I
BstEII,BtgI
BstEII,ClaI
BstEII,CpoI
BstEII,CsiI
BstEII,CviKI-1
BstEII,CviQI
BstEII,DdeI
BstEII,DpnI
BstEII,DpnII
BstEII,DraI
BstEII,EaeI
BstEII,EagI
BstEII,Ecl136II
BstEII,Eco105I
BstEII,Eco147I
BstEII,Eco53kI
BstEII,Eco72I
BstEII,EcoRI
BstEII,EcoRV
BstEII,EheI
BstEII,FatI
BstEII,Fnu4HI
BstEII,FseI
BstEII,FspAI
BstEII,FspI
BstEII,HaeII
BstEII,HaeIII
BstEII,HhaI
BstEII,HinP1I
BstEII,HincII
BstEII,HindIII
BstEII,HinfI
BstEII,HpaI
BstEII,HpaII
BstEII,Hpy188I
BstEII,Hpy99I
BstEII,HpyCH4III
BstEII,HpyCH4IV
BstEII,HpyCH4V
BstEII,KasI
BstEII,KpnI
BstEII,MboI
BstEII,MluCI
BstEII,MluI
BstEII,MreI
BstEII,MscI
BstEII,MseI
BstEII,MspA1I
BstEII,MspI
BstEII,MssI
BstEII,MunI
BstEII,NaeI
BstEII,NarI
BstEII,NciI
BstEII,NcoI
BstEII,NdeI
BstEII,NgoMIV
BstEII,NheI
BstEII,NlaIII
BstEII,NotI
BstEII,NruI
BstEII,NsiI
BstEII,NspI
BstEII,PacI
BstEII,PaeR7I
BstEII,PciI
BstEII,PluTI
BstEII,PpuMI
BstEII,PsiI
BstEII,PspGI
BstEII,PspOMI
BstEII,PspXI
BstEII,PstI
BstEII,PvuI
BstEII,PvuII
BstEII,RsRII
BstEII,RsaI
BstEII,SacI
BstEII,SacII
BstEII,SalI
BstEII,Sau3AI
BstEII,Sau96I
BstEII,SbfI
BstEII,ScaI
BstEII,ScrFI
BstEII,SexAI
BstEII,SfcI
BstEII,SgrAI
BstEII,SgrDI
BstEII,SmaI
BstEII,SmlI
BstEII,SpeI
BstEII,SphI
BstEII,SrfI
BstEII,SspI
BstEII,StyD4I
BstEII,StyI
BstEII,SwaI
BstEII,TaiI
BstEII,TaqI
BstEII,TasI
BstEII,TatI
BstEII,TauI
BstEII,TfiI
BstEII,TseI
BstEII,TspMI
BstEII,XbaI
BstEII,XhoI
BstEII,XmaI
BstEII,ZraI
BstNI,BstUI
BstNI,BstYI
BstNI,BstZ17I
BstNI,Bsu36I
BstNI,BtgI
BstNI,ClaI
BstNI,CpoI
BstNI,CviKI-1
BstNI,CviQI
BstNI,DdeI
BstNI,DpnI
BstNI,DpnII
BstNI,DraI
BstNI,EaeI
BstNI,EagI
BstNI,Ecl136II
BstNI,Eco105I
BstNI,Eco147I
BstNI,Eco53kI
BstNI,Eco72I
BstNI,EcoRI
BstNI,EcoRV
BstNI,EheI
BstNI,FatI
BstNI,Fnu4HI
BstNI,FseI
BstNI,FspAI
BstNI,FspI
BstNI,HaeII
BstNI,HaeIII
BstNI,HhaI
BstNI,HinP1I
BstNI,HincII
BstNI,HindIII
BstNI,HinfI
BstNI,HpaI
BstNI,HpaII
BstNI,Hpy188I
BstNI,Hpy99I
BstNI,HpyCH4III
BstNI,HpyCH4IV
BstNI,HpyCH4V
BstNI,KasI
BstNI,KpnI
BstNI,MboI
BstNI,MluCI
BstNI,MluI
BstNI,MreI
BstNI,MscI
BstNI,MseI
BstNI,MspA1I
BstNI,MspI
BstNI,MssI
BstNI,MunI
BstNI,NaeI
BstNI,NarI
BstNI,NciI
BstNI,NcoI
BstNI,NdeI
BstNI,NgoMIV
BstNI,NheI
BstNI,NlaIII
BstNI,NotI
BstNI,NruI
BstNI,NsiI
BstNI,NspI
BstNI,PacI
BstNI,PaeR7I
BstNI,PciI
BstNI,PluTI
BstNI,PpuMI
BstNI,PsiI
BstNI,PspOMI
BstNI,PspXI
BstNI,PstI
BstNI,PvuI
BstNI,PvuII
BstNI,RsRII
BstNI,RsaI
BstNI,SacI
BstNI,SacII
BstNI,SalI
BstNI,Sau3AI
BstNI,Sau96I
BstNI,SbfI
BstNI,ScaI
BstNI,SfcI
BstNI,SgrAI
BstNI,SgrDI
BstNI,SmaI
BstNI,SmlI
BstNI,SpeI
BstNI,SphI
BstNI,SrfI
BstNI,SspI
BstNI,StyI
BstNI,SwaI
BstNI,TaiI
BstNI,TaqI
BstNI,TasI
BstNI,TatI
BstNI,TauI
BstNI,TfiI
BstNI,TseI
BstNI,Tsp45I
BstNI,TspMI
BstNI,XbaI
BstNI,XhoI
BstNI,XmaI
BstNI,ZraI
BstUI,BstYI
BstUI,BstZ17I
BstUI,Bsu36I
BstUI,ClaI
BstUI,CpoI
BstUI,CsiI
BstUI,CviKI-1
BstUI,CviQI
BstUI,DdeI
BstUI,DpnI
BstUI,DpnII
BstUI,DraI
BstUI,EaeI
BstUI,EagI
BstUI,Ecl136II
BstUI,Eco105I
BstUI,Eco147I
BstUI,Eco53kI
BstUI,Eco72I
BstUI,EcoRI
BstUI,EcoRV
BstUI,EheI
BstUI,FatI
BstUI,Fnu4HI
BstUI,FseI
BstUI,FspAI
BstUI,FspI
BstUI,HaeII
BstUI,HaeIII
BstUI,HhaI
BstUI,HinP1I
BstUI,HincII
BstUI,HindIII
BstUI,HinfI
BstUI,HpaI
BstUI,HpaII
BstUI,Hpy188I
BstUI,Hpy99I
BstUI,HpyCH4III
BstUI,HpyCH4IV
BstUI,HpyCH4V
BstUI,KasI
BstUI,KpnI
BstUI,MboI
BstUI,MluCI
BstUI,MreI
BstUI,MscI
BstUI,MseI
BstUI,MspI
BstUI,MssI
BstUI,MunI
BstUI,NaeI
BstUI,NarI
BstUI,NciI
BstUI,NcoI
BstUI,NdeI
BstUI,NgoMIV
BstUI,NheI
BstUI,NlaIII
BstUI,NotI
BstUI,NsiI
BstUI,NspI
BstUI,PacI
BstUI,PaeR7I
BstUI,PciI
BstUI,PluTI
BstUI,PpuMI
BstUI,PsiI
BstUI,PspGI
BstUI,PspOMI
BstUI,PspXI
BstUI,PstI
BstUI,PvuI
BstUI,PvuII
BstUI,RsRII
BstUI,RsaI
BstUI,SacI
BstUI,SalI
BstUI,Sau3AI
BstUI,Sau96I
BstUI,SbfI
BstUI,ScaI
BstUI,ScrFI
BstUI,SexAI
BstUI,SfcI
BstUI,SgrAI
BstUI,SgrDI
BstUI,SmaI
BstUI,SmlI
BstUI,SpeI
BstUI,SphI
BstUI,SrfI
BstUI,SspI
BstUI,StyD4I
BstUI,StyI
BstUI,SwaI
BstUI,TaiI
BstUI,TaqI
BstUI,TasI
BstUI,TatI
BstUI,TauI
BstUI,TfiI
BstUI,TseI
BstUI,Tsp45I
BstUI,TspMI
BstUI,XbaI
BstUI,XhoI
BstUI,XmaI
BstUI,ZraI
BstYI,BstZ17I
BstYI,Bsu36I
BstYI,BtgI
BstYI,ClaI
BstYI,CpoI
BstYI,CsiI
BstYI,CviKI-1
BstYI,CviQI
BstYI,DdeI
BstYI,DpnI
BstYI,DraI
BstYI,EaeI
BstYI,EagI
BstYI,Ecl136II
BstYI,Eco105I
BstYI,Eco147I
BstYI,Eco53kI
BstYI,Eco72I
BstYI,EcoRI
BstYI,EcoRV
BstYI,EheI
BstYI,FatI
BstYI,Fnu4HI
BstYI,FseI
BstYI,FspAI
BstYI,FspI
BstYI,HaeII
BstYI,HaeIII
BstYI,HhaI
BstYI,HinP1I
BstYI,HincII
BstYI,HindIII
BstYI,HinfI
BstYI,HpaI
BstYI,HpaII
BstYI,Hpy188I
BstYI,Hpy99I
BstYI,HpyCH4III
BstYI,HpyCH4IV
BstYI,HpyCH4V
BstYI,KasI
BstYI,KpnI
BstYI,MluCI
BstYI,MluI
BstYI,MreI
BstYI,MscI
BstYI,MseI
BstYI,MspA1I
BstYI,MspI
BstYI,MssI
BstYI,MunI
BstYI,NaeI
BstYI,NarI
BstYI,NciI
BstYI,NcoI
BstYI,NdeI
BstYI,NgoMIV
BstYI,NheI
BstYI,NlaIII
BstYI,NotI
BstYI,NruI
BstYI,NsiI
BstYI,NspI
BstYI,PacI
BstYI,PaeR7I
BstYI,PciI
BstYI,PluTI
BstYI,PpuMI
BstYI,PsiI
BstYI,PspGI
BstYI,PspOMI
BstYI,PspXI
BstYI,PstI
BstYI,PvuI
BstYI,PvuII
BstYI,RsRII
BstYI,RsaI
BstYI,SacI
BstYI,SacII
BstYI,SalI
BstYI,Sau96I
BstYI,SbfI
BstYI,ScaI
BstYI,ScrFI
BstYI,SexAI
BstYI,SfcI
BstYI,SgrAI
BstYI,SgrDI
BstYI,SmaI
BstYI,SmlI
BstYI,SpeI
BstYI,SphI
BstYI,SrfI
BstYI,SspI
BstYI,StyD4I
BstYI,StyI
BstYI,SwaI
BstYI,TaiI
BstYI,TaqI
BstYI,TasI
BstYI,TatI
BstYI,TauI
BstYI,TfiI
BstYI,TseI
BstYI,Tsp45I
BstYI,TspMI
BstYI,XbaI
BstYI,XhoI
BstYI,XmaI
BstYI,ZraI
BstZ17I,Bsu36I
BstZ17I,BtgI
BstZ17I,ClaI
BstZ17I,CpoI
BstZ17I,CsiI
BstZ17I,CviKI-1
BstZ17I,CviQI
BstZ17I,DdeI
BstZ17I,DpnI
BstZ17I,DpnII
BstZ17I,DraI
BstZ17I,EaeI
BstZ17I,EagI
BstZ17I,Ecl136II
BstZ17I,Eco105I
BstZ17I,Eco147I
BstZ17I,Eco53kI
BstZ17I,Eco72I
BstZ17I,EcoRI
BstZ17I,EcoRV
BstZ17I,EheI
BstZ17I,FatI
BstZ17I,Fnu4HI
BstZ17I,FseI
BstZ17I,FspAI
BstZ17I,FspI
BstZ17I,HaeII
BstZ17I,HaeIII
BstZ17I,HhaI
BstZ17I,HinP1I
BstZ17I,HincII
BstZ17I,HindIII
BstZ17I,HinfI
BstZ17I,HpaI
BstZ17I,HpaII
BstZ17I,Hpy188I
BstZ17I,Hpy99I
BstZ17I,HpyCH4III
BstZ17I,HpyCH4IV
BstZ17I,HpyCH4V
BstZ17I,KasI
BstZ17I,KpnI
BstZ17I,MboI
BstZ17I,MluCI
BstZ17I,MluI
BstZ17I,MreI
BstZ17I,MscI
BstZ17I,MseI
BstZ17I,MspA1I
BstZ17I,MspI
BstZ17I,MssI
BstZ17I,MunI
BstZ17I,NaeI
BstZ17I,NarI
BstZ17I,NciI
BstZ17I,NcoI
BstZ17I,NdeI
BstZ17I,NgoMIV
BstZ17I,NheI
BstZ17I,NlaIII
BstZ17I,NotI
BstZ17I,NruI
BstZ17I,NsiI
BstZ17I,NspI
BstZ17I,PacI
BstZ17I,PaeR7I
BstZ17I,PciI
BstZ17I,PluTI
BstZ17I,PpuMI
BstZ17I,PsiI
BstZ17I,PspGI
BstZ17I,PspOMI
BstZ17I,PspXI
BstZ17I,PstI
BstZ17I,PvuI
BstZ17I,PvuII
BstZ17I,RsRII
BstZ17I,RsaI
BstZ17I,SacI
BstZ17I,SacII
BstZ17I,SalI
BstZ17I,Sau3AI
BstZ17I,Sau96I
BstZ17I,SbfI
BstZ17I,ScaI
BstZ17I,ScrFI
BstZ17I,SexAI
BstZ17I,SfcI
BstZ17I,SgrAI
BstZ17I,SgrDI
BstZ17I,SmaI
BstZ17I,SmlI
BstZ17I,SpeI
BstZ17I,SphI
BstZ17I,SrfI
BstZ17I,SspI
BstZ17I,StyD4I
BstZ17I,StyI
BstZ17I,SwaI
BstZ17I,TaiI
BstZ17I,TaqI
BstZ17I,TasI
BstZ17I,TatI
BstZ17I,TauI
BstZ17I,TfiI
BstZ17I,TseI
BstZ17I,Tsp45I
BstZ17I,TspMI
BstZ17I,XbaI
BstZ17I,XhoI
BstZ17I,XmaI
BstZ17I,ZraI
Bsu36I,BtgI
Bsu36I,ClaI
Bsu36I,CpoI
Bsu36I,CsiI
Bsu36I,CviKI-1
Bsu36I,CviQI
Bsu36I,DpnI
Bsu36I,DpnII
Bsu36I,DraI
Bsu36I,EaeI
Bsu36I,EagI
Bsu36I,Ecl136II
Bsu36I,Eco105I
Bsu36I,Eco147I
Bsu36I,Eco53kI
Bsu36I,Eco72I
Bsu36I,EcoRI
Bsu36I,EcoRV
Bsu36I,EheI
Bsu36I,FatI
Bsu36I,Fnu4HI
Bsu36I,FseI
Bsu36I,FspAI
Bsu36I,FspI
Bsu36I,HaeII
Bsu36I,HaeIII
Bsu36I,HhaI
Bsu36I,HinP1I
Bsu36I,HincII
Bsu36I,HindIII
Bsu36I,HinfI
Bsu36I,HpaI
Bsu36I,HpaII
Bsu36I,Hpy188I
Bsu36I,Hpy99I
Bsu36I,HpyCH4III
Bsu36I,HpyCH4IV
Bsu36I,HpyCH4V
Bsu36I,KasI
Bsu36I,KpnI
Bsu36I,MboI
Bsu36I,MluCI
Bsu36I,MluI
Bsu36I,MreI
Bsu36I,MscI
Bsu36I,MseI
Bsu36I,MspA1I
Bsu36I,MspI
Bsu36I,MssI
Bsu36I,MunI
Bsu36I,NaeI
Bsu36I,NarI
Bsu36I,NciI
Bsu36I,NcoI
Bsu36I,NdeI
Bsu36I,NgoMIV
Bsu36I,NheI
Bsu36I,NlaIII
Bsu36I,NotI
Bsu36I,NruI
Bsu36I,NsiI
Bsu36I,NspI
Bsu36I,PacI
Bsu36I,PaeR7I
Bsu36I,PciI
Bsu36I,PluTI
Bsu36I,PpuMI
Bsu36I,PsiI
Bsu36I,PspGI
Bsu36I,PspOMI
Bsu36I,PspXI
Bsu36I,PstI
Bsu36I,PvuI
Bsu36I,PvuII
Bsu36I,RsRII
Bsu36I,RsaI
Bsu36I,SacI
Bsu36I,SacII
Bsu36I,SalI
Bsu36I,Sau3AI
Bsu36I,Sau96I
Bsu36I,SbfI
Bsu36I,ScaI
Bsu36I,ScrFI
Bsu36I,SexAI
Bsu36I,SfcI
Bsu36I,SgrAI
Bsu36I,SgrDI
Bsu36I,SmaI
Bsu36I,SmlI
Bsu36I,SpeI
Bsu36I,SphI
Bsu36I,SrfI
Bsu36I,SspI
Bsu36I,StyD4I
Bsu36I,StyI
Bsu36I,SwaI
Bsu36I,TaiI
Bsu36I,TaqI
Bsu36I,TasI
Bsu36I,TatI
Bsu36I,TauI
Bsu36I,TfiI
Bsu36I,TseI
Bsu36I,Tsp45I
Bsu36I,TspMI
Bsu36I,XbaI
Bsu36I,XhoI
Bsu36I,XmaI
Bsu36I,ZraI
BtgI,ClaI
BtgI,CpoI
BtgI,CsiI
BtgI,CviKI-1
BtgI,CviQI
BtgI,DdeI
BtgI,DpnI
BtgI,DpnII
BtgI,DraI
BtgI,EaeI
BtgI,EagI
BtgI,Ecl136II
BtgI,Eco105I
BtgI,Eco147I
BtgI,Eco53kI
BtgI,Eco72I
BtgI,EcoRI
BtgI,EcoRV
BtgI,EheI
BtgI,Fnu4HI
BtgI,FseI
BtgI,FspAI
BtgI,FspI
BtgI,HaeII
BtgI,HaeIII
BtgI,HhaI
BtgI,HinP1I
BtgI,HincII
BtgI,HindIII
BtgI,HinfI
BtgI,HpaI
BtgI,HpaII
BtgI,Hpy188I
BtgI,Hpy99I
BtgI,HpyCH4III
BtgI,HpyCH4IV
BtgI,HpyCH4V
BtgI,KasI
BtgI,KpnI
BtgI,MboI
BtgI,MluCI
BtgI,MluI
BtgI,MreI
BtgI,MscI
BtgI,MseI
BtgI,MspI
BtgI,MssI
BtgI,MunI
BtgI,NaeI
BtgI,NarI
BtgI,NciI
BtgI,NdeI
BtgI,NgoMIV
BtgI,NheI
BtgI,NotI
BtgI,NruI
BtgI,NsiI
BtgI,NspI
BtgI,PacI
BtgI,PaeR7I
BtgI,PciI
BtgI,PluTI
BtgI,PpuMI
BtgI,PsiI
BtgI,PspGI
BtgI,PspOMI
BtgI,PspXI
BtgI,PstI
BtgI,PvuI
BtgI,PvuII
BtgI,RsRII
BtgI,RsaI
BtgI,SacI
BtgI,SalI
BtgI,Sau3AI
BtgI,Sau96I
BtgI,SbfI
BtgI,ScaI
BtgI,ScrFI
BtgI,SexAI
BtgI,SfcI
BtgI,SgrAI
BtgI,SgrDI
BtgI,SmaI
BtgI,SmlI
BtgI,SpeI
BtgI,SphI
BtgI,SrfI
BtgI,SspI
BtgI,StyD4I
BtgI,SwaI
BtgI,TaiI
BtgI,TaqI
BtgI,TasI
BtgI,TatI
BtgI,TauI
BtgI,TfiI
BtgI,TseI
BtgI,Tsp45I
BtgI,TspMI
BtgI,XbaI
BtgI,XhoI
BtgI,XmaI
BtgI,ZraI
ClaI,CpoI
ClaI,CsiI
ClaI,CviKI-1
ClaI,CviQI
ClaI,DdeI
ClaI,DpnI
ClaI,DpnII
ClaI,DraI
ClaI,EaeI
ClaI,EagI
ClaI,Ecl136II
ClaI,Eco105I
ClaI,Eco147I
ClaI,Eco53kI
ClaI,Eco72I
ClaI,EcoRI
ClaI,EcoRV
ClaI,EheI
ClaI,FatI
ClaI,Fnu4HI
ClaI,FseI
ClaI,FspAI
ClaI,FspI
ClaI,HaeII
ClaI,HaeIII
ClaI,HhaI
ClaI,HinP1I
ClaI,HincII
ClaI,HindIII
ClaI,HinfI
ClaI,HpaI
ClaI,HpaII
ClaI,Hpy188I
ClaI,Hpy99I
ClaI,HpyCH4III
ClaI,HpyCH4IV
ClaI,HpyCH4V
ClaI,KasI
ClaI,KpnI
ClaI,MboI
ClaI,MluCI
ClaI,MluI
ClaI,MreI
ClaI,MscI
ClaI,MseI
ClaI,MspA1I
ClaI,MspI
ClaI,MssI
ClaI,MunI
ClaI,NaeI
ClaI,NarI
ClaI,NciI
ClaI,NcoI
ClaI,NdeI
ClaI,NgoMIV
ClaI,NheI
ClaI,NlaIII
ClaI,NotI
ClaI,NruI
ClaI,NsiI
ClaI,NspI
ClaI,PacI
ClaI,PaeR7I
ClaI,PciI
ClaI,PluTI
ClaI,PpuMI
ClaI,PsiI
ClaI,PspGI
ClaI,PspOMI
ClaI,PspXI
ClaI,PstI
ClaI,PvuI
ClaI,PvuII
ClaI,RsRII
ClaI,RsaI
ClaI,SacI
ClaI,SacII
ClaI,SalI
ClaI,Sau3AI
ClaI,Sau96I
ClaI,SbfI
ClaI,ScaI
ClaI,ScrFI
ClaI,SexAI
ClaI,SfcI
ClaI,SgrAI
ClaI,SgrDI
ClaI,SmaI
ClaI,SmlI
ClaI,SpeI
ClaI,SphI
ClaI,SrfI
ClaI,SspI
ClaI,StyD4I
ClaI,StyI
ClaI,SwaI
ClaI,TaiI
ClaI,TasI
ClaI,TatI
ClaI,TauI
ClaI,TfiI
ClaI,TseI
ClaI,Tsp45I
ClaI,TspMI
ClaI,XbaI
ClaI,XhoI
ClaI,XmaI
ClaI,ZraI
CpoI,CsiI
CpoI,CviKI-1
CpoI,CviQI
CpoI,DdeI
CpoI,DpnI
CpoI,DpnII
CpoI,DraI
CpoI,EaeI
CpoI,EagI
CpoI,Ecl136II
CpoI,Eco105I
CpoI,Eco147I
CpoI,Eco53kI
CpoI,Eco72I
CpoI,EcoRI
CpoI,EcoRV
CpoI,EheI
CpoI,FatI
CpoI,Fnu4HI
CpoI,FseI
CpoI,FspAI
CpoI,FspI
CpoI,HaeII
CpoI,HaeIII
CpoI,HhaI
CpoI,HinP1I
CpoI,HincII
CpoI,HindIII
CpoI,HinfI
CpoI,HpaI
CpoI,HpaII
CpoI,Hpy188I
CpoI,Hpy99I
CpoI,HpyCH4III
CpoI,HpyCH4IV
CpoI,HpyCH4V
CpoI,KasI
CpoI,KpnI
CpoI,MboI
CpoI,MluCI
CpoI,MluI
CpoI,MreI
CpoI,MscI
CpoI,MseI
CpoI,MspA1I
CpoI,MspI
CpoI,MssI
CpoI,MunI
CpoI,NaeI
CpoI,NarI
CpoI,NciI
CpoI,NcoI
CpoI,NdeI
CpoI,NgoMIV
CpoI,NheI
CpoI,NlaIII
CpoI,NotI
CpoI,NruI
CpoI,NsiI
CpoI,NspI
CpoI,PacI
CpoI,PaeR7I
CpoI,PciI
CpoI,PluTI
CpoI,PpuMI
CpoI,PsiI
CpoI,PspGI
CpoI,PspOMI
CpoI,PspXI
CpoI,PstI
CpoI,PvuI
CpoI,PvuII
CpoI,RsRII
CpoI,RsaI
CpoI,SacI
CpoI,SacII
CpoI,SalI
CpoI,Sau3AI
CpoI,Sau96I
CpoI,SbfI
CpoI,ScaI
CpoI,ScrFI
CpoI,SexAI
CpoI,SfcI
CpoI,SgrAI
CpoI,SgrDI
CpoI,SmaI
CpoI,SmlI
CpoI,SpeI
CpoI,SphI
CpoI,SrfI
CpoI,SspI
CpoI,StyD4I
CpoI,StyI
CpoI,SwaI
CpoI,TaiI
CpoI,TaqI
CpoI,TasI
CpoI,TatI
CpoI,TauI
CpoI,TfiI
CpoI,TseI
CpoI,Tsp45I
CpoI,TspMI
CpoI,XbaI
CpoI,XhoI
CpoI,XmaI
CpoI,ZraI
CsiI,CviKI-1
CsiI,CviQI
CsiI,DdeI
CsiI,DpnI
CsiI,DpnII
CsiI,DraI
CsiI,EaeI
CsiI,EagI
CsiI,Ecl136II
CsiI,Eco105I
CsiI,Eco147I
CsiI,Eco53kI
CsiI,Eco72I
CsiI,EcoRI
CsiI,EcoRV
CsiI,EheI
CsiI,FatI
CsiI,Fnu4HI
CsiI,FseI
CsiI,FspAI
CsiI,FspI
CsiI,HaeII
CsiI,HaeIII
CsiI,HhaI
CsiI,HinP1I
CsiI,HincII
CsiI,HindIII
CsiI,HinfI
CsiI,HpaI
CsiI,HpaII
CsiI,Hpy188I
CsiI,Hpy99I
CsiI,HpyCH4III
CsiI,HpyCH4IV
CsiI,HpyCH4V
CsiI,KasI
CsiI,KpnI
CsiI,MboI
CsiI,MluCI
CsiI,MluI
CsiI,MreI
CsiI,MscI
CsiI,MseI
CsiI,MspA1I
CsiI,MspI
CsiI,MssI
CsiI,MunI
CsiI,NaeI
CsiI,NarI
CsiI,NciI
CsiI,NcoI
CsiI,NdeI
CsiI,NgoMIV
CsiI,NheI
CsiI,NlaIII
CsiI,NotI
CsiI,NruI
CsiI,NsiI
CsiI,NspI
CsiI,PacI
CsiI,PaeR7I
CsiI,PciI
CsiI,PluTI
CsiI,PpuMI
CsiI,PsiI
CsiI,PspOMI
CsiI,PspXI
CsiI,PstI
CsiI,PvuI
CsiI,PvuII
CsiI,RsRII
CsiI,RsaI
CsiI,SacI
CsiI,SacII
CsiI,SalI
CsiI,Sau3AI
CsiI,Sau96I
CsiI,SbfI
CsiI,ScaI
CsiI,SfcI
CsiI,SgrAI
CsiI,SgrDI
CsiI,SmaI
CsiI,SmlI
CsiI,SpeI
CsiI,SphI
CsiI,SrfI
CsiI,SspI
CsiI,StyI
CsiI,SwaI
CsiI,TaiI
CsiI,TaqI
CsiI,TasI
CsiI,TatI
CsiI,TauI
CsiI,TfiI
CsiI,TseI
CsiI,Tsp45I
CsiI,TspMI
CsiI,XbaI
CsiI,XhoI
CsiI,XmaI
CsiI,ZraI
CviKI-1,CviQI
CviKI-1,DdeI
CviKI-1,DpnI
CviKI-1,DpnII
CviKI-1,DraI
CviKI-1,Eco105I
CviKI-1,Eco72I
CviKI-1,EcoRI
CviKI-1,EcoRV
CviKI-1,EheI
CviKI-1,FatI
CviKI-1,Fnu4HI
CviKI-1,FspAI
CviKI-1,FspI
CviKI-1,HaeII
CviKI-1,HhaI
CviKI-1,HinP1I
CviKI-1,HincII
CviKI-1,HinfI
CviKI-1,HpaI
CviKI-1,HpaII
CviKI-1,Hpy188I
CviKI-1,Hpy99I
CviKI-1,HpyCH4III
CviKI-1,HpyCH4IV
CviKI-1,HpyCH4V
CviKI-1,KasI
CviKI-1,KpnI
CviKI-1,MboI
CviKI-1,MluCI
CviKI-1,MluI
CviKI-1,MreI
CviKI-1,MseI
CviKI-1,MspI
CviKI-1,MssI
CviKI-1,MunI
CviKI-1,NaeI
CviKI-1,NarI
CviKI-1,NciI
CviKI-1,NcoI
CviKI-1,NdeI
CviKI-1,NgoMIV
CviKI-1,NheI
CviKI-1,NlaIII
CviKI-1,NruI
CviKI-1,NsiI
CviKI-1,NspI
CviKI-1,PacI
CviKI-1,PaeR7I
CviKI-1,PciI
CviKI-1,PluTI
CviKI-1,PpuMI
CviKI-1,PsiI
CviKI-1,PspGI
CviKI-1,PspXI
CviKI-1,PstI
CviKI-1,PvuI
CviKI-1,RsRII
CviKI-1,RsaI
CviKI-1,SacII
CviKI-1,SalI
CviKI-1,Sau3AI
CviKI-1,SbfI
CviKI-1,ScaI
CviKI-1,ScrFI
CviKI-1,SexAI
CviKI-1,SfcI
CviKI-1,SgrAI
CviKI-1,SgrDI
CviKI-1,SmaI
CviKI-1,SmlI
CviKI-1,SpeI
CviKI-1,SphI
CviKI-1,SrfI
CviKI-1,SspI
CviKI-1,StyD4I
CviKI-1,StyI
CviKI-1,SwaI
CviKI-1,TaiI
CviKI-1,TaqI
CviKI-1,TasI
CviKI-1,TatI
CviKI-1,TauI
CviKI-1,TfiI
CviKI-1,TseI
CviKI-1,Tsp45I
CviKI-1,TspMI
CviKI-1,XbaI
CviKI-1,XhoI
CviKI-1,XmaI
CviKI-1,ZraI
CviQI,DdeI
CviQI,DpnI
CviQI,DpnII
CviQI,DraI
CviQI,EaeI
CviQI,EagI
CviQI,Ecl136II
CviQI,Eco105I
CviQI,Eco147I
CviQI,Eco53kI
CviQI,Eco72I
CviQI,EcoRI
CviQI,EcoRV
CviQI,EheI
CviQI,FatI
CviQI,Fnu4HI
CviQI,FseI
CviQI,FspAI
CviQI,FspI
CviQI,HaeII
CviQI,HaeIII
CviQI,HhaI
CviQI,HinP1I
CviQI,HincII
CviQI,HindIII
CviQI,HinfI
CviQI,HpaI
CviQI,HpaII
CviQI,Hpy188I
CviQI,Hpy99I
CviQI,HpyCH4III
CviQI,HpyCH4IV
CviQI,HpyCH4V
CviQI,KasI
CviQI,MboI
CviQI,MluCI
CviQI,MluI
CviQI,MreI
CviQI,MscI
CviQI,MseI
CviQI,MspA1I
CviQI,MspI
CviQI,MssI
CviQI,MunI
CviQI,NaeI
CviQI,NarI
CviQI,NciI
CviQI,NcoI
CviQI,NdeI
CviQI,NgoMIV
CviQI,NheI
CviQI,NlaIII
CviQI,NotI
CviQI,NruI
CviQI,NsiI
CviQI,NspI
CviQI,PacI
CviQI,PaeR7I
CviQI,PciI
CviQI,PluTI
CviQI,PpuMI
CviQI,PsiI
CviQI,PspGI
CviQI,PspOMI
CviQI,PspXI
CviQI,PstI
CviQI,PvuI
CviQI,PvuII
CviQI,RsRII
CviQI,SacI
CviQI,SacII
CviQI,SalI
CviQI,Sau3AI
CviQI,Sau96I
CviQI,SbfI
CviQI,ScrFI
CviQI,SexAI
CviQI,SfcI
CviQI,SgrAI
CviQI,SgrDI
CviQI,SmaI
CviQI,SmlI
CviQI,SpeI
CviQI,SphI
CviQI,SrfI
CviQI,SspI
CviQI,StyD4I
CviQI,StyI
CviQI,SwaI
CviQI,TaiI
CviQI,TaqI
CviQI,TasI
CviQI,TauI
CviQI,TfiI
CviQI,TseI
CviQI,Tsp45I
CviQI,TspMI
CviQI,XbaI
CviQI,XhoI
CviQI,XmaI
CviQI,ZraI
DdeI,DpnI
DdeI,DpnII
DdeI,DraI
DdeI,EaeI
DdeI,EagI
DdeI,Ecl136II
DdeI,Eco105I
DdeI,Eco147I
DdeI,Eco53kI
DdeI,Eco72I
DdeI,EcoRI
DdeI,EcoRV
DdeI,EheI
DdeI,FatI
DdeI,Fnu4HI
DdeI,FseI
DdeI,FspAI
DdeI,FspI
DdeI,HaeII
DdeI,HaeIII
DdeI,HhaI
DdeI,HinP1I
DdeI,HincII
DdeI,HindIII
DdeI,HinfI
DdeI,HpaI
DdeI,HpaII
DdeI,Hpy188I
DdeI,Hpy99I
DdeI,HpyCH4III
DdeI,HpyCH4IV
DdeI,HpyCH4V
DdeI,KasI
DdeI,KpnI
DdeI,MboI
DdeI,MluCI
DdeI,MluI
DdeI,MreI
DdeI,MscI
DdeI,MseI
DdeI,MspA1I
DdeI,MspI
DdeI,MssI
DdeI,MunI
DdeI,NaeI
DdeI,NarI
DdeI,NciI
DdeI,NcoI
DdeI,NdeI
DdeI,NgoMIV
DdeI,NheI
DdeI,NlaIII
DdeI,NotI
DdeI,NruI
DdeI,NsiI
DdeI,NspI
DdeI,PacI
DdeI,PaeR7I
DdeI,PciI
DdeI,PluTI
DdeI,PpuMI
DdeI,PsiI
DdeI,PspGI
DdeI,PspOMI
DdeI,PspXI
DdeI,PstI
DdeI,PvuI
DdeI,PvuII
DdeI,RsRII
DdeI,RsaI
DdeI,SacI
DdeI,SacII
DdeI,SalI
DdeI,Sau3AI
DdeI,Sau96I
DdeI,SbfI
DdeI,ScaI
DdeI,ScrFI
DdeI,SexAI
DdeI,SfcI
DdeI,SgrAI
DdeI,SgrDI
DdeI,SmaI
DdeI,SmlI
DdeI,SpeI
DdeI,SphI
DdeI,SrfI
DdeI,SspI
DdeI,StyD4I
DdeI,StyI
DdeI,SwaI
DdeI,TaiI
DdeI,TaqI
DdeI,TasI
DdeI,TatI
DdeI,TauI
DdeI,TfiI
DdeI,TseI
DdeI,Tsp45I
DdeI,TspMI
DdeI,XbaI
DdeI,XhoI
DdeI,XmaI
DdeI,ZraI
DpnI,DpnII
DpnI,DraI
DpnI,EaeI
DpnI,EagI
DpnI,Ecl136II
DpnI,Eco105I
DpnI,Eco147I
DpnI,Eco53kI
DpnI,Eco72I
DpnI,EcoRI
DpnI,EcoRV
DpnI,EheI
DpnI,FatI
DpnI,Fnu4HI
DpnI,FseI
DpnI,FspAI
DpnI,FspI
DpnI,HaeII
DpnI,HaeIII
DpnI,HhaI
DpnI,HinP1I
DpnI,HincII
DpnI,HindIII
DpnI,HinfI
DpnI,HpaI
DpnI,HpaII
DpnI,Hpy188I
DpnI,Hpy99I
DpnI,HpyCH4III
DpnI,HpyCH4IV
DpnI,HpyCH4V
DpnI,KasI
DpnI,KpnI
DpnI,MboI
DpnI,MluI
DpnI,MreI
DpnI,MscI
DpnI,MseI
DpnI,MspA1I
DpnI,MspI
DpnI,MssI
DpnI,MunI
DpnI,NaeI
DpnI,NarI
DpnI,NciI
DpnI,NcoI
DpnI,NdeI
DpnI,NgoMIV
DpnI,NheI
DpnI,NlaIII
DpnI,NotI
DpnI,NruI
DpnI,NsiI
DpnI,NspI
DpnI,PacI
DpnI,PaeR7I
DpnI,PciI
DpnI,PluTI
DpnI,PpuMI
DpnI,PsiI
DpnI,PspGI
DpnI,PspOMI
DpnI,PspXI
DpnI,PstI
DpnI,PvuI
DpnI,PvuII
DpnI,RsRII
DpnI,RsaI
DpnI,SacI
DpnI,SacII
DpnI,SalI
DpnI,Sau3AI
DpnI,Sau96I
DpnI,SbfI
DpnI,ScaI
DpnI,ScrFI
DpnI,SexAI
DpnI,SfcI
DpnI,SgrAI
DpnI,SgrDI
DpnI,SmaI
DpnI,SmlI
DpnI,SpeI
DpnI,SphI
DpnI,SrfI
DpnI,SspI
DpnI,StyD4I
DpnI,StyI
DpnI,SwaI
DpnI,TaiI
DpnI,TaqI
DpnI,TatI
DpnI,TauI
DpnI,TfiI
DpnI,TseI
DpnI,Tsp45I
DpnI,TspMI
DpnI,XbaI
DpnI,XhoI
DpnI,XmaI
DpnI,ZraI
DpnII,DraI
DpnII,EaeI
DpnII,EagI
DpnII,Ecl136II
DpnII,Eco105I
DpnII,Eco147I
DpnII,Eco53kI
DpnII,Eco72I
DpnII,EcoRI
DpnII,EcoRV
DpnII,EheI
DpnII,FatI
DpnII,Fnu4HI
DpnII,FseI
DpnII,FspAI
DpnII,FspI
DpnII,HaeII
DpnII,HaeIII
DpnII,HhaI
DpnII,HinP1I
DpnII,HincII
DpnII,HindIII
DpnII,HinfI
DpnII,HpaI
DpnII,HpaII
DpnII,Hpy188I
DpnII,Hpy99I
DpnII,HpyCH4III
DpnII,HpyCH4IV
DpnII,HpyCH4V
DpnII,KasI
DpnII,KpnI
DpnII,MluCI
DpnII,MluI
DpnII,MreI
DpnII,MscI
DpnII,MseI
DpnII,MspA1I
DpnII,MspI
DpnII,MssI
DpnII,MunI
DpnII,NaeI
DpnII,NarI
DpnII,NciI
DpnII,NcoI
DpnII,NdeI
DpnII,NgoMIV
DpnII,NheI
DpnII,NlaIII
DpnII,NotI
DpnII,NruI
DpnII,NsiI
DpnII,NspI
DpnII,PacI
DpnII,PaeR7I
DpnII,PciI
DpnII,PluTI
DpnII,PpuMI
DpnII,PsiI
DpnII,PspGI
DpnII,PspOMI
DpnII,PspXI
DpnII,PstI
DpnII,PvuII
DpnII,RsRII
DpnII,RsaI
DpnII,SacI
DpnII,SacII
DpnII,SalI
DpnII,Sau96I
DpnII,SbfI
DpnII,ScaI
DpnII,ScrFI
DpnII,SexAI
DpnII,SfcI
DpnII,SgrAI
DpnII,SgrDI
DpnII,SmaI
DpnII,SmlI
DpnII,SpeI
DpnII,SphI
DpnII,SrfI
DpnII,SspI
DpnII,StyD4I
DpnII,StyI
DpnII,SwaI
DpnII,TaiI
DpnII,TaqI
DpnII,TasI
DpnII,TatI
DpnII,TauI
DpnII,TfiI
DpnII,TseI
DpnII,Tsp45I
DpnII,TspMI
DpnII,XbaI
DpnII,XhoI
DpnII,XmaI
DpnII,ZraI
DraI,EaeI
DraI,EagI
DraI,Ecl136II
DraI,Eco105I
DraI,Eco147I
DraI,Eco53kI
DraI,Eco72I
DraI,EcoRI
DraI,EcoRV
DraI,EheI
DraI,FatI
DraI,Fnu4HI
DraI,FseI
DraI,FspAI
DraI,FspI
DraI,HaeII
DraI,HaeIII
DraI,HhaI
DraI,HinP1I
DraI,HincII
DraI,HindIII
DraI,HinfI
DraI,HpaI
DraI,HpaII
DraI,Hpy188I
DraI,Hpy99I
DraI,HpyCH4III
DraI,HpyCH4IV
DraI,HpyCH4V
DraI,KasI
DraI,KpnI
DraI,MboI
DraI,MluCI
DraI,MluI
DraI,MreI
DraI,MscI
DraI,MspA1I
DraI,MspI
DraI,MunI
DraI,NaeI
DraI,NarI
DraI,NciI
DraI,NcoI
DraI,NdeI
DraI,NgoMIV
DraI,NheI
DraI,NlaIII
DraI,NotI
DraI,NruI
DraI,NsiI
DraI,NspI
DraI,PacI
DraI,PaeR7I
DraI,PciI
DraI,PluTI
DraI,PpuMI
DraI,PsiI
DraI,PspGI
DraI,PspOMI
DraI,PspXI
DraI,PstI
DraI,PvuI
DraI,PvuII
DraI,RsRII
DraI,RsaI
DraI,SacI
DraI,SacII
DraI,SalI
DraI,Sau3AI
DraI,Sau96I
DraI,SbfI
DraI,ScaI
DraI,ScrFI
DraI,SexAI
DraI,SfcI
DraI,SgrAI
DraI,SgrDI
DraI,SmaI
DraI,SmlI
DraI,SpeI
DraI,SphI
DraI,SrfI
DraI,SspI
DraI,StyD4I
DraI,StyI
DraI,TaiI
DraI,TaqI
DraI,TasI
DraI,TatI
DraI,TauI
DraI,TfiI
DraI,TseI
DraI,Tsp45I
DraI,TspMI
DraI,XbaI
DraI,XhoI
DraI,XmaI
DraI,ZraI
EaeI,Ecl136II
EaeI,Eco105I
EaeI,Eco147I
EaeI,Eco53kI
EaeI,Eco72I
EaeI,EcoRI
EaeI,EcoRV
EaeI,EheI
EaeI,FatI
EaeI,Fnu4HI
EaeI,FseI
EaeI,FspAI
EaeI,FspI
EaeI,HaeII
EaeI,HhaI
EaeI,HinP1I
EaeI,HincII
EaeI,HindIII
EaeI,HinfI
EaeI,HpaI
EaeI,HpaII
EaeI,Hpy188I
EaeI,Hpy99I
EaeI,HpyCH4III
EaeI,HpyCH4IV
EaeI,HpyCH4V
EaeI,KasI
EaeI,KpnI
EaeI,MboI
EaeI,MluCI
EaeI,MluI
EaeI,MreI
EaeI,MseI
EaeI,MspA1I
EaeI,MspI
EaeI,MssI
EaeI,MunI
EaeI,NaeI
EaeI,NarI
EaeI,NciI
EaeI,NcoI
EaeI,NdeI
EaeI,NgoMIV
EaeI,NheI
EaeI,NlaIII
EaeI,NruI
EaeI,NsiI
EaeI,NspI
EaeI,PacI
EaeI,PaeR7I
EaeI,PciI
EaeI,PluTI
EaeI,PpuMI
EaeI,PsiI
EaeI,PspGI
EaeI,PspOMI
EaeI,PspXI
EaeI,PstI
EaeI,PvuI
EaeI,PvuII
EaeI,RsRII
EaeI,RsaI
EaeI,SacI
EaeI,SacII
EaeI,SalI
EaeI,Sau3AI
EaeI,Sau96I
EaeI,SbfI
EaeI,ScaI
EaeI,ScrFI
EaeI,SexAI
EaeI,SfcI
EaeI,SgrAI
EaeI,SgrDI
EaeI,SmaI
EaeI,SmlI
EaeI,SpeI
EaeI,SphI
EaeI,SrfI
EaeI,SspI
EaeI,StyD4I
EaeI,StyI
EaeI,SwaI
EaeI,TaiI
EaeI,TaqI
EaeI,TasI
EaeI,TatI
EaeI,TauI
EaeI,TfiI
EaeI,TseI
EaeI,Tsp45I
EaeI,TspMI
EaeI,XbaI
EaeI,XhoI
EaeI,XmaI
EaeI,ZraI
EagI,Ecl136II
EagI,Eco105I
EagI,Eco147I
EagI,Eco53kI
EagI,Eco72I
EagI,EcoRI
EagI,EcoRV
EagI,EheI
EagI,FatI
EagI,Fnu4HI
EagI,FseI
EagI,FspAI
EagI,FspI
EagI,HaeII
EagI,HhaI
EagI,HinP1I
EagI,HincII
EagI,HindIII
EagI,HinfI
EagI,HpaI
EagI,HpaII
EagI,Hpy188I
EagI,Hpy99I
EagI,HpyCH4III
EagI,HpyCH4IV
EagI,HpyCH4V
EagI,KasI
EagI,KpnI
EagI,MboI
EagI,MluCI
EagI,MluI
EagI,MreI
EagI,MscI
EagI,MseI
EagI,MspA1I
EagI,MspI
EagI,MssI
EagI,MunI
EagI,NaeI
EagI,NarI
EagI,NciI
EagI,NcoI
EagI,NdeI
EagI,NgoMIV
EagI,NheI
EagI,NlaIII
EagI,NruI
EagI,NsiI
EagI,NspI
EagI,PacI
EagI,PaeR7I
EagI,PciI
EagI,PluTI
EagI,PpuMI
EagI,PsiI
EagI,PspGI
EagI,PspOMI
EagI,PspXI
EagI,PstI
EagI,PvuI
EagI,PvuII
EagI,RsRII
EagI,RsaI
EagI,SacI
EagI,SacII
EagI,SalI
EagI,Sau3AI
EagI,Sau96I
EagI,SbfI
EagI,ScaI
EagI,ScrFI
EagI,SexAI
EagI,SfcI
EagI,SgrAI
EagI,SgrDI
EagI,SmaI
EagI,SmlI
EagI,SpeI
EagI,SphI
EagI,SrfI
EagI,SspI
EagI,StyD4I
EagI,StyI
EagI,SwaI
EagI,TaiI
EagI,TaqI
EagI,TasI
EagI,TatI
EagI,TauI
EagI,TfiI
EagI,TseI
EagI,Tsp45I
EagI,TspMI
EagI,XbaI
EagI,XhoI
EagI,XmaI
EagI,ZraI
Ecl136II,Eco105I
Ecl136II,Eco147I
Ecl136II,Eco72I
Ecl136II,EcoRI
Ecl136II,EcoRV
Ecl136II,EheI
Ecl136II,FatI
Ecl136II,Fnu4HI
Ecl136II,FseI
Ecl136II,FspAI
Ecl136II,FspI
Ecl136II,HaeII
Ecl136II,HaeIII
Ecl136II,HhaI
Ecl136II,HinP1I
Ecl136II,HincII
Ecl136II,HindIII
Ecl136II,HinfI
Ecl136II,HpaI
Ecl136II,HpaII
Ecl136II,Hpy188I
Ecl136II,Hpy99I
Ecl136II,HpyCH4III
Ecl136II,HpyCH4IV
Ecl136II,HpyCH4V
Ecl136II,KasI
Ecl136II,KpnI
Ecl136II,MboI
Ecl136II,MluCI
Ecl136II,MluI
Ecl136II,MreI
Ecl136II,MscI
Ecl136II,MseI
Ecl136II,MspA1I
Ecl136II,MspI
Ecl136II,MssI
Ecl136II,MunI
Ecl136II,NaeI
Ecl136II,NarI
Ecl136II,NciI
Ecl136II,NcoI
Ecl136II,NdeI
Ecl136II,NgoMIV
Ecl136II,NheI
Ecl136II,NlaIII
Ecl136II,NotI
Ecl136II,NruI
Ecl136II,NsiI
Ecl136II,NspI
Ecl136II,PacI
Ecl136II,PaeR7I
Ecl136II,PciI
Ecl136II,PluTI
Ecl136II,PpuMI
Ecl136II,PsiI
Ecl136II,PspGI
Ecl136II,PspOMI
Ecl136II,PspXI
Ecl136II,PstI
Ecl136II,PvuI
Ecl136II,PvuII
Ecl136II,RsRII
Ecl136II,RsaI
Ecl136II,SacII
Ecl136II,SalI
Ecl136II,Sau3AI
Ecl136II,Sau96I
Ecl136II,SbfI
Ecl136II,ScaI
Ecl136II,ScrFI
Ecl136II,SexAI
Ecl136II,SfcI
Ecl136II,SgrAI
Ecl136II,SgrDI
Ecl136II,SmaI
Ecl136II,SmlI
Ecl136II,SpeI
Ecl136II,SphI
Ecl136II,SrfI
Ecl136II,SspI
Ecl136II,StyD4I
Ecl136II,StyI
Ecl136II,SwaI
Ecl136II,TaiI
Ecl136II,TaqI
Ecl136II,TasI
Ecl136II,TatI
Ecl136II,TauI
Ecl136II,TfiI
Ecl136II,TseI
Ecl136II,Tsp45I
Ecl136II,TspMI
Ecl136II,XbaI
Ecl136II,XhoI
Ecl136II,XmaI
Ecl136II,ZraI
Eco105I,Eco147I
Eco105I,Eco53kI
Eco105I,Eco72I
Eco105I,EcoRI
Eco105I,EcoRV
Eco105I,EheI
Eco105I,FatI
Eco105I,Fnu4HI
Eco105I,FseI
Eco105I,FspAI
Eco105I,FspI
Eco105I,HaeII
Eco105I,HaeIII
Eco105I,HhaI
Eco105I,HinP1I
Eco105I,HincII
Eco105I,HindIII
Eco105I,HinfI
Eco105I,HpaI
Eco105I,HpaII
Eco105I,Hpy188I
Eco105I,Hpy99I
Eco105I,HpyCH4III
Eco105I,HpyCH4V
Eco105I,KasI
Eco105I,KpnI
Eco105I,MboI
Eco105I,MluCI
Eco105I,MluI
Eco105I,MreI
Eco105I,MscI
Eco105I,MseI
Eco105I,MspA1I
Eco105I,MspI
Eco105I,MssI
Eco105I,MunI
Eco105I,NaeI
Eco105I,NarI
Eco105I,NciI
Eco105I,NcoI
Eco105I,NdeI
Eco105I,NgoMIV
Eco105I,NheI
Eco105I,NlaIII
Eco105I,NotI
Eco105I,NruI
Eco105I,NsiI
Eco105I,NspI
Eco105I,PacI
Eco105I,PaeR7I
Eco105I,PciI
Eco105I,PluTI
Eco105I,PpuMI
Eco105I,PsiI
Eco105I,PspGI
Eco105I,PspOMI
Eco105I,PspXI
Eco105I,PstI
Eco105I,PvuI
Eco105I,PvuII
Eco105I,RsRII
Eco105I,RsaI
Eco105I,SacI
Eco105I,SacII
Eco105I,SalI
Eco105I,Sau3AI
Eco105I,Sau96I
Eco105I,SbfI
Eco105I,ScaI
Eco105I,ScrFI
Eco105I,SexAI
Eco105I,SfcI
Eco105I,SgrAI
Eco105I,SgrDI
Eco105I,SmaI
Eco105I,SmlI
Eco105I,SpeI
Eco105I,SphI
Eco105I,SrfI
Eco105I,SspI
Eco105I,StyD4I
Eco105I,StyI
Eco105I,SwaI
Eco105I,TaqI
Eco105I,TasI
Eco105I,TatI
Eco105I,TauI
Eco105I,TfiI
Eco105I,TseI
Eco105I,Tsp45I
Eco105I,TspMI
Eco105I,XbaI
Eco105I,XhoI
Eco105I,XmaI
Eco105I,ZraI
Eco147I,Eco53kI
Eco147I,Eco72I
Eco147I,EcoRI
Eco147I,EcoRV
Eco147I,EheI
Eco147I,FatI
Eco147I,Fnu4HI
Eco147I,FseI
Eco147I,FspAI
Eco147I,FspI
Eco147I,HaeII
Eco147I,HhaI
Eco147I,HinP1I
Eco147I,HincII
Eco147I,HindIII
Eco147I,HinfI
Eco147I,HpaI
Eco147I,HpaII
Eco147I,Hpy188I
Eco147I,Hpy99I
Eco147I,HpyCH4III
Eco147I,HpyCH4IV
Eco147I,HpyCH4V
Eco147I,KasI
Eco147I,KpnI
Eco147I,MboI
Eco147I,MluCI
Eco147I,MluI
Eco147I,MreI
Eco147I,MscI
Eco147I,MseI
Eco147I,MspA1I
Eco147I,MspI
Eco147I,MssI
Eco147I,MunI
Eco147I,NaeI
Eco147I,NarI
Eco147I,NciI
Eco147I,NcoI
Eco147I,NdeI
Eco147I,NgoMIV
Eco147I,NheI
Eco147I,NlaIII
Eco147I,NotI
Eco147I,NruI
Eco147I,NsiI
Eco147I,NspI
Eco147I,PacI
Eco147I,PaeR7I
Eco147I,PciI
Eco147I,PluTI
Eco147I,PpuMI
Eco147I,PsiI
Eco147I,PspGI
Eco147I,PspOMI
Eco147I,PspXI
Eco147I,PstI
Eco147I,PvuI
Eco147I,PvuII
Eco147I,RsRII
Eco147I,RsaI
Eco147I,SacI
Eco147I,SacII
Eco147I,SalI
Eco147I,Sau3AI
Eco147I,Sau96I
Eco147I,SbfI
Eco147I,ScaI
Eco147I,ScrFI
Eco147I,SexAI
Eco147I,SfcI
Eco147I,SgrAI
Eco147I,SgrDI
Eco147I,SmaI
Eco147I,SmlI
Eco147I,SpeI
Eco147I,SphI
Eco147I,SrfI
Eco147I,SspI
Eco147I,StyD4I
Eco147I,StyI
Eco147I,SwaI
Eco147I,TaiI
Eco147I,TaqI
Eco147I,TasI
Eco147I,TatI
Eco147I,TauI
Eco147I,TfiI
Eco147I,TseI
Eco147I,Tsp45I
Eco147I,TspMI
Eco147I,XbaI
Eco147I,XhoI
Eco147I,XmaI
Eco147I,ZraI
Eco53kI,Eco72I
Eco53kI,EcoRI
Eco53kI,EcoRV
Eco53kI,EheI
Eco53kI,FatI
Eco53kI,Fnu4HI
Eco53kI,FseI
Eco53kI,FspAI
Eco53kI,FspI
Eco53kI,HaeII
Eco53kI,HaeIII
Eco53kI,HhaI
Eco53kI,HinP1I
Eco53kI,HincII
Eco53kI,HindIII
Eco53kI,HinfI
Eco53kI,HpaI
Eco53kI,HpaII
Eco53kI,Hpy188I
Eco53kI,Hpy99I
Eco53kI,HpyCH4III
Eco53kI,HpyCH4IV
Eco53kI,HpyCH4V
Eco53kI,KasI
Eco53kI,KpnI
Eco53kI,MboI
Eco53kI,MluCI
Eco53kI,MluI
Eco53kI,MreI
Eco53kI,MscI
Eco53kI,MseI
Eco53kI,MspA1I
Eco53kI,MspI
Eco53kI,MssI
Eco53kI,MunI
Eco53kI,NaeI
Eco53kI,NarI
Eco53kI,NciI
Eco53kI,NcoI
Eco53kI,NdeI
Eco53kI,NgoMIV
Eco53kI,NheI
Eco53kI,NlaIII
Eco53kI,NotI
Eco53kI,NruI
Eco53kI,NsiI
Eco53kI,NspI
Eco53kI,PacI
Eco53kI,PaeR7I
Eco53kI,PciI
Eco53kI,PluTI
Eco53kI,PpuMI
Eco53kI,PsiI
Eco53kI,PspGI
Eco53kI,PspOMI
Eco53kI,PspXI
Eco53kI,PstI
Eco53kI,PvuI
Eco53kI,PvuII
Eco53kI,RsRII
Eco53kI,RsaI
Eco53kI,SacII
Eco53kI,SalI
Eco53kI,Sau3AI
Eco53kI,Sau96I
Eco53kI,SbfI
Eco53kI,ScaI
Eco53kI,ScrFI
Eco53kI,SexAI
Eco53kI,SfcI
Eco53kI,SgrAI
Eco53kI,SgrDI
Eco53kI,SmaI
Eco53kI,SmlI
Eco53kI,SpeI
Eco53kI,SphI
Eco53kI,SrfI
Eco53kI,SspI
Eco53kI,StyD4I
Eco53kI,StyI
Eco53kI,SwaI
Eco53kI,TaiI
Eco53kI,TaqI
Eco53kI,TasI
Eco53kI,TatI
Eco53kI,TauI
Eco53kI,TfiI
Eco53kI,TseI
Eco53kI,Tsp45I
Eco53kI,TspMI
Eco53kI,XbaI
Eco53kI,XhoI
Eco53kI,XmaI
Eco53kI,ZraI
Eco72I,EcoRI
Eco72I,EcoRV
Eco72I,EheI
Eco72I,FatI
Eco72I,Fnu4HI
Eco72I,FseI
Eco72I,FspAI
Eco72I,FspI
Eco72I,HaeII
Eco72I,HaeIII
Eco72I,HhaI
Eco72I,HinP1I
Eco72I,HincII
Eco72I,HindIII
Eco72I,HinfI
Eco72I,HpaI
Eco72I,HpaII
Eco72I,Hpy188I
Eco72I,Hpy99I
Eco72I,HpyCH4III
Eco72I,HpyCH4V
Eco72I,KasI
Eco72I,KpnI
Eco72I,MboI
Eco72I,MluCI
Eco72I,MluI
Eco72I,MreI
Eco72I,MscI
Eco72I,MseI
Eco72I,MspA1I
Eco72I,MspI
Eco72I,MssI
Eco72I,MunI
Eco72I,NaeI
Eco72I,NarI
Eco72I,NciI
Eco72I,NcoI
Eco72I,NdeI
Eco72I,NgoMIV
Eco72I,NheI
Eco72I,NlaIII
Eco72I,NotI
Eco72I,NruI
Eco72I,NsiI
Eco72I,NspI
Eco72I,PacI
Eco72I,PaeR7I
Eco72I,PciI
Eco72I,PluTI
Eco72I,PpuMI
Eco72I,PsiI
Eco72I,PspGI
Eco72I,PspOMI
Eco72I,PspXI
Eco72I,PstI
Eco72I,PvuI
Eco72I,PvuII
Eco72I,RsRII
Eco72I,RsaI
Eco72I,SacI
Eco72I,SacII
Eco72I,SalI
Eco72I,Sau3AI
Eco72I,Sau96I
Eco72I,SbfI
Eco72I,ScaI
Eco72I,ScrFI
Eco72I,SexAI
Eco72I,SfcI
Eco72I,SgrAI
Eco72I,SgrDI
Eco72I,SmaI
Eco72I,SmlI
Eco72I,SpeI
Eco72I,SphI
Eco72I,SrfI
Eco72I,SspI
Eco72I,StyD4I
Eco72I,StyI
Eco72I,SwaI
Eco72I,TaqI
Eco72I,TasI
Eco72I,TatI
Eco72I,TauI
Eco72I,TfiI
Eco72I,TseI
Eco72I,Tsp45I
Eco72I,TspMI
Eco72I,XbaI
Eco72I,XhoI
Eco72I,XmaI
Eco72I,ZraI
EcoRI,EcoRV
EcoRI,EheI
EcoRI,FatI
EcoRI,Fnu4HI
EcoRI,FseI
EcoRI,FspAI
EcoRI,FspI
EcoRI,HaeII
EcoRI,HaeIII
EcoRI,HhaI
EcoRI,HinP1I
EcoRI,HincII
EcoRI,HindIII
EcoRI,HinfI
EcoRI,HpaI
EcoRI,HpaII
EcoRI,Hpy188I
EcoRI,Hpy99I
EcoRI,HpyCH4III
EcoRI,HpyCH4IV
EcoRI,HpyCH4V
EcoRI,KasI
EcoRI,KpnI
EcoRI,MboI
EcoRI,MluI
EcoRI,MreI
EcoRI,MscI
EcoRI,MseI
EcoRI,MspA1I
EcoRI,MspI
EcoRI,MssI
EcoRI,MunI
EcoRI,NaeI
EcoRI,NarI
EcoRI,NciI
EcoRI,NcoI
EcoRI,NdeI
EcoRI,NgoMIV
EcoRI,NheI
EcoRI,NlaIII
EcoRI,NotI
EcoRI,NruI
EcoRI,NsiI
EcoRI,NspI
EcoRI,PacI
EcoRI,PaeR7I
EcoRI,PciI
EcoRI,PluTI
EcoRI,PpuMI
EcoRI,PsiI
EcoRI,PspGI
EcoRI,PspOMI
EcoRI,PspXI
EcoRI,PstI
EcoRI,PvuI
EcoRI,PvuII
EcoRI,RsRII
EcoRI,RsaI
EcoRI,SacI
EcoRI,SacII
EcoRI,SalI
EcoRI,Sau3AI
EcoRI,Sau96I
EcoRI,SbfI
EcoRI,ScaI
EcoRI,ScrFI
EcoRI,SexAI
EcoRI,SfcI
EcoRI,SgrAI
EcoRI,SgrDI
EcoRI,SmaI
EcoRI,SmlI
EcoRI,SpeI
EcoRI,SphI
EcoRI,SrfI
EcoRI,SspI
EcoRI,StyD4I
EcoRI,StyI
EcoRI,SwaI
EcoRI,TaiI
EcoRI,TaqI
EcoRI,TatI
EcoRI,TauI
EcoRI,TfiI
EcoRI,TseI
EcoRI,Tsp45I
EcoRI,TspMI
EcoRI,XbaI
EcoRI,XhoI
EcoRI,XmaI
EcoRI,ZraI
EcoRV,EheI
EcoRV,FatI
EcoRV,Fnu4HI
EcoRV,FseI
EcoRV,FspAI
EcoRV,FspI
EcoRV,HaeII
EcoRV,HaeIII
EcoRV,HhaI
EcoRV,HinP1I
EcoRV,HincII
EcoRV,HindIII
EcoRV,HinfI
EcoRV,HpaI
EcoRV,HpaII
EcoRV,Hpy188I
EcoRV,Hpy99I
EcoRV,HpyCH4III
EcoRV,HpyCH4IV
EcoRV,HpyCH4V
EcoRV,KasI
EcoRV,KpnI
EcoRV,MboI
EcoRV,MluCI
EcoRV,MluI
EcoRV,MreI
EcoRV,MscI
EcoRV,MseI
EcoRV,MspA1I
EcoRV,MspI
EcoRV,MssI
EcoRV,MunI
EcoRV,NaeI
EcoRV,NarI
EcoRV,NciI
EcoRV,NcoI
EcoRV,NdeI
EcoRV,NgoMIV
EcoRV,NheI
EcoRV,NlaIII
EcoRV,NotI
EcoRV,NruI
EcoRV,NsiI
EcoRV,NspI
EcoRV,PacI
EcoRV,PaeR7I
EcoRV,PciI
EcoRV,PluTI
EcoRV,PpuMI
EcoRV,PsiI
EcoRV,PspGI
EcoRV,PspOMI
EcoRV,PspXI
EcoRV,PstI
EcoRV,PvuI
EcoRV,PvuII
EcoRV,RsRII
EcoRV,RsaI
EcoRV,SacI
EcoRV,SacII
EcoRV,SalI
EcoRV,Sau3AI
EcoRV,Sau96I
EcoRV,SbfI
EcoRV,ScaI
EcoRV,ScrFI
EcoRV,SexAI
EcoRV,SfcI
EcoRV,SgrAI
EcoRV,SgrDI
EcoRV,SmaI
EcoRV,SmlI
EcoRV,SpeI
EcoRV,SphI
EcoRV,SrfI
EcoRV,SspI
EcoRV,StyD4I
EcoRV,StyI
EcoRV,SwaI
EcoRV,TaiI
EcoRV,TaqI
EcoRV,TasI
EcoRV,TatI
EcoRV,TauI
EcoRV,TfiI
EcoRV,TseI
EcoRV,Tsp45I
EcoRV,TspMI
EcoRV,XbaI
EcoRV,XhoI
EcoRV,XmaI
EcoRV,ZraI
EheI,FatI
EheI,Fnu4HI
EheI,FseI
EheI,FspAI
EheI,FspI
EheI,HaeIII
EheI,HincII
EheI,HindIII
EheI,HinfI
EheI,HpaI
EheI,HpaII
EheI,Hpy188I
EheI,Hpy99I
EheI,HpyCH4III
EheI,HpyCH4IV
EheI,HpyCH4V
EheI,KpnI
EheI,MboI
EheI,MluCI
EheI,MluI
EheI,MreI
EheI,MscI
EheI,MseI
EheI,MspA1I
EheI,MspI
EheI,MssI
EheI,MunI
EheI,NaeI
EheI,NciI
EheI,NcoI
EheI,NdeI
EheI,NgoMIV
EheI,NheI
EheI,NlaIII
EheI,NotI
EheI,NruI
EheI,NsiI
EheI,NspI
EheI,PacI
EheI,PaeR7I
EheI,PciI
EheI,PpuMI
EheI,PsiI
EheI,PspGI
EheI,PspOMI
EheI,PspXI
EheI,PstI
EheI,PvuI
EheI,PvuII
EheI,RsRII
EheI,RsaI
EheI,SacI
EheI,SacII
EheI,SalI
EheI,Sau3AI
EheI,Sau96I
EheI,SbfI
EheI,ScaI
EheI,ScrFI
EheI,SexAI
EheI,SfcI
EheI,SgrAI
EheI,SgrDI
EheI,SmaI
EheI,SmlI
EheI,SpeI
EheI,SphI
EheI,SrfI
EheI,SspI
EheI,StyD4I
EheI,StyI
EheI,SwaI
EheI,TaiI
EheI,TaqI
EheI,TasI
EheI,TatI
EheI,TauI
EheI,TfiI
EheI,TseI
EheI,Tsp45I
EheI,TspMI
EheI,XbaI
EheI,XhoI
EheI,XmaI
EheI,ZraI
FatI,Fnu4HI
FatI,FseI
FatI,FspAI
FatI,FspI
FatI,HaeII
FatI,HaeIII
FatI,HhaI
FatI,HinP1I
FatI,HincII
FatI,HindIII
FatI,HinfI
FatI,HpaI
FatI,HpaII
FatI,Hpy188I
FatI,Hpy99I
FatI,HpyCH4III
FatI,HpyCH4IV
FatI,HpyCH4V
FatI,KasI
FatI,KpnI
FatI,MboI
FatI,MluCI
FatI,MluI
FatI,MreI
FatI,MscI
FatI,MseI
FatI,MspA1I
FatI,MspI
FatI,MssI
FatI,MunI
FatI,NaeI
FatI,NarI
FatI,NciI
FatI,NdeI
FatI,NgoMIV
FatI,NheI
FatI,NotI
FatI,NruI
FatI,NsiI
FatI,PacI
FatI,PaeR7I
FatI,PluTI
FatI,PpuMI
FatI,PsiI
FatI,PspGI
FatI,PspOMI
FatI,PspXI
FatI,PstI
FatI,PvuI
FatI,PvuII
FatI,RsRII
FatI,RsaI
FatI,SacI
FatI,SacII
FatI,SalI
FatI,Sau3AI
FatI,Sau96I
FatI,SbfI
FatI,ScaI
FatI,ScrFI
FatI,SexAI
FatI,SfcI
FatI,SgrAI
FatI,SgrDI
FatI,SmaI
FatI,SmlI
FatI,SpeI
FatI,SrfI
FatI,SspI
FatI,StyD4I
FatI,SwaI
FatI,TaiI
FatI,TaqI
FatI,TasI
FatI,TatI
FatI,TauI
FatI,TfiI
FatI,TseI
FatI,Tsp45I
FatI,TspMI
FatI,XbaI
FatI,XhoI
FatI,XmaI
FatI,ZraI
Fnu4HI,FseI
Fnu4HI,FspAI
Fnu4HI,FspI
Fnu4HI,HaeII
Fnu4HI,HaeIII
Fnu4HI,HhaI
Fnu4HI,HinP1I
Fnu4HI,HincII
Fnu4HI,HindIII
Fnu4HI,HinfI
Fnu4HI,HpaI
Fnu4HI,HpaII
Fnu4HI,Hpy188I
Fnu4HI,Hpy99I
Fnu4HI,HpyCH4III
Fnu4HI,HpyCH4IV
Fnu4HI,HpyCH4V
Fnu4HI,KasI
Fnu4HI,KpnI
Fnu4HI,MboI
Fnu4HI,MluCI
Fnu4HI,MluI
Fnu4HI,MreI
Fnu4HI,MscI
Fnu4HI,MseI
Fnu4HI,MspA1I
Fnu4HI,MspI
Fnu4HI,MssI
Fnu4HI,MunI
Fnu4HI,NaeI
Fnu4HI,NarI
Fnu4HI,NciI
Fnu4HI,NcoI
Fnu4HI,NdeI
Fnu4HI,NgoMIV
Fnu4HI,NheI
Fnu4HI,NlaIII
Fnu4HI,NruI
Fnu4HI,NsiI
Fnu4HI,NspI
Fnu4HI,PacI
Fnu4HI,PaeR7I
Fnu4HI,PciI
Fnu4HI,PluTI
Fnu4HI,PpuMI
Fnu4HI,PsiI
Fnu4HI,PspGI
Fnu4HI,PspOMI
Fnu4HI,PspXI
Fnu4HI,PstI
Fnu4HI,PvuI
Fnu4HI,PvuII
Fnu4HI,RsRII
Fnu4HI,RsaI
Fnu4HI,SacI
Fnu4HI,SacII
Fnu4HI,SalI
Fnu4HI,Sau3AI
Fnu4HI,Sau96I
Fnu4HI,SbfI
Fnu4HI,ScaI
Fnu4HI,ScrFI
Fnu4HI,SexAI
Fnu4HI,SfcI
Fnu4HI,SgrAI
Fnu4HI,SgrDI
Fnu4HI,SmaI
Fnu4HI,SmlI
Fnu4HI,SpeI
Fnu4HI,SphI
Fnu4HI,SrfI
Fnu4HI,SspI
Fnu4HI,StyD4I
Fnu4HI,StyI
Fnu4HI,SwaI
Fnu4HI,TaiI
Fnu4HI,TaqI
Fnu4HI,TasI
Fnu4HI,TatI
Fnu4HI,TfiI
Fnu4HI,Tsp45I
Fnu4HI,TspMI
Fnu4HI,XbaI
Fnu4HI,XhoI
Fnu4HI,XmaI
Fnu4HI,ZraI
FseI,FspAI
FseI,FspI
FseI,HaeII
FseI,HhaI
FseI,HinP1I
FseI,HincII
FseI,HindIII
FseI,HinfI
FseI,HpaI
FseI,Hpy188I
FseI,Hpy99I
FseI,HpyCH4III
FseI,HpyCH4IV
FseI,HpyCH4V
FseI,KasI
FseI,KpnI
FseI,MboI
FseI,MluCI
FseI,MluI
FseI,MreI
FseI,MscI
FseI,MseI
FseI,MspA1I
FseI,MssI
FseI,MunI
FseI,NarI
FseI,NciI
FseI,NcoI
FseI,NdeI
FseI,NheI
FseI,NlaIII
FseI,NotI
FseI,NruI
FseI,NsiI
FseI,NspI
FseI,PacI
FseI,PaeR7I
FseI,PciI
FseI,PluTI
FseI,PpuMI
FseI,PsiI
FseI,PspGI
FseI,PspOMI
FseI,PspXI
FseI,PstI
FseI,PvuI
FseI,PvuII
FseI,RsRII
FseI,RsaI
FseI,SacI
FseI,SacII
FseI,SalI
FseI,Sau3AI
FseI,Sau96I
FseI,SbfI
FseI,ScaI
FseI,ScrFI
FseI,SexAI
FseI,SfcI
FseI,SgrAI
FseI,SgrDI
FseI,SmaI
FseI,SmlI
FseI,SpeI
FseI,SphI
FseI,SrfI
FseI,SspI
FseI,StyD4I
FseI,StyI
FseI,SwaI
FseI,TaiI
FseI,TaqI
FseI,TasI
FseI,TatI
FseI,TauI
FseI,TfiI
FseI,TseI
FseI,Tsp45I
FseI,TspMI
FseI,XbaI
FseI,XhoI
FseI,XmaI
FseI,ZraI
FspAI,HaeII
FspAI,HaeIII
FspAI,HincII
FspAI,HindIII
FspAI,HinfI
FspAI,HpaI
FspAI,HpaII
FspAI,Hpy188I
FspAI,Hpy99I
FspAI,HpyCH4III
FspAI,HpyCH4IV
FspAI,HpyCH4V
FspAI,KasI
FspAI,KpnI
FspAI,MboI
FspAI,MluCI
FspAI,MluI
FspAI,MreI
FspAI,MscI
FspAI,MseI
FspAI,MspA1I
FspAI,MspI
FspAI,MssI
FspAI,MunI
FspAI,NaeI
FspAI,NarI
FspAI,NciI
FspAI,NcoI
FspAI,NdeI
FspAI,NgoMIV
FspAI,NheI
FspAI,NlaIII
FspAI,NotI
FspAI,NruI
FspAI,NsiI
FspAI,NspI
FspAI,PacI
FspAI,PaeR7I
FspAI,PciI
FspAI,PluTI
FspAI,PpuMI
FspAI,PsiI
FspAI,PspGI
FspAI,PspOMI
FspAI,PspXI
FspAI,PstI
FspAI,PvuI
FspAI,PvuII
FspAI,RsRII
FspAI,RsaI
FspAI,SacI
FspAI,SacII
FspAI,SalI
FspAI,Sau3AI
FspAI,Sau96I
FspAI,SbfI
FspAI,ScaI
FspAI,ScrFI
FspAI,SexAI
FspAI,SfcI
FspAI,SgrAI
FspAI,SgrDI
FspAI,SmaI
FspAI,SmlI
FspAI,SpeI
FspAI,SphI
FspAI,SrfI
FspAI,SspI
FspAI,StyD4I
FspAI,StyI
FspAI,SwaI
FspAI,TaiI
FspAI,TaqI
FspAI,TasI
FspAI,TatI
FspAI,TauI
FspAI,TfiI
FspAI,TseI
FspAI,Tsp45I
FspAI,TspMI
FspAI,XbaI
FspAI,XhoI
FspAI,XmaI
FspAI,ZraI
FspI,HaeII
FspI,HaeIII
FspI,HincII
FspI,HindIII
FspI,HinfI
FspI,HpaI
FspI,HpaII
FspI,Hpy188I
FspI,Hpy99I
FspI,HpyCH4III
FspI,HpyCH4IV
FspI,HpyCH4V
FspI,KasI
FspI,KpnI
FspI,MboI
FspI,MluCI
FspI,MluI
FspI,MreI
FspI,MscI
FspI,MseI
FspI,MspA1I
FspI,MspI
FspI,MssI
FspI,MunI
FspI,NaeI
FspI,NarI
FspI,NciI
FspI,NcoI
FspI,NdeI
FspI,NgoMIV
FspI,NheI
FspI,NlaIII
FspI,NotI
FspI,NruI
FspI,NsiI
FspI,NspI
FspI,PacI
FspI,PaeR7I
FspI,PciI
FspI,PluTI
FspI,PpuMI
FspI,PsiI
FspI,PspGI
FspI,PspOMI
FspI,PspXI
FspI,PstI
FspI,PvuI
FspI,PvuII
FspI,RsRII
FspI,RsaI
FspI,SacI
FspI,SacII
FspI,SalI
FspI,Sau3AI
FspI,Sau96I
FspI,SbfI
FspI,ScaI
FspI,ScrFI
FspI,SexAI
FspI,SfcI
FspI,SgrAI
FspI,SgrDI
FspI,SmaI
FspI,SmlI
FspI,SpeI
FspI,SphI
FspI,SrfI
FspI,SspI
FspI,StyD4I
FspI,StyI
FspI,SwaI
FspI,TaiI
FspI,TaqI
FspI,TasI
FspI,TatI
FspI,TauI
FspI,TfiI
FspI,TseI
FspI,Tsp45I
FspI,TspMI
FspI,XbaI
FspI,XhoI
FspI,XmaI
FspI,ZraI
HaeII,HaeIII
HaeII,HincII
HaeII,HindIII
HaeII,HinfI
HaeII,HpaI
HaeII,HpaII
HaeII,Hpy188I
HaeII,Hpy99I
HaeII,HpyCH4III
HaeII,HpyCH4IV
HaeII,HpyCH4V
HaeII,KpnI
HaeII,MboI
HaeII,MluCI
HaeII,MluI
HaeII,MreI
HaeII,MscI
HaeII,MseI
HaeII,MspA1I
HaeII,MspI
HaeII,MssI
HaeII,MunI
HaeII,NaeI
HaeII,NciI
HaeII,NcoI
HaeII,NdeI
HaeII,NgoMIV
HaeII,NheI
HaeII,NlaIII
HaeII,NotI
HaeII,NruI
HaeII,NsiI
HaeII,NspI
HaeII,PacI
HaeII,PaeR7I
HaeII,PciI
HaeII,PpuMI
HaeII,PsiI
HaeII,PspGI
HaeII,PspOMI
HaeII,PspXI
HaeII,PstI
HaeII,PvuI
HaeII,PvuII
HaeII,RsRII
HaeII,RsaI
HaeII,SacI
HaeII,SacII
HaeII,SalI
HaeII,Sau3AI
HaeII,Sau96I
HaeII,SbfI
HaeII,ScaI
HaeII,ScrFI
HaeII,SexAI
HaeII,SfcI
HaeII,SgrAI
HaeII,SgrDI
HaeII,SmaI
HaeII,SmlI
HaeII,SpeI
HaeII,SphI
HaeII,SrfI
HaeII,SspI
HaeII,StyD4I
HaeII,StyI
HaeII,SwaI
HaeII,TaiI
HaeII,TaqI
HaeII,TasI
HaeII,TatI
HaeII,TauI
HaeII,TfiI
HaeII,TseI
HaeII,Tsp45I
HaeII,TspMI
HaeII,XbaI
HaeII,XhoI
HaeII,XmaI
HaeII,ZraI
HaeIII,HhaI
HaeIII,HinP1I
HaeIII,HincII
HaeIII,HindIII
HaeIII,HinfI
HaeIII,HpaI
HaeIII,HpaII
HaeIII,Hpy188I
HaeIII,Hpy99I
HaeIII,HpyCH4III
HaeIII,HpyCH4IV
HaeIII,HpyCH4V
HaeIII,KasI
HaeIII,KpnI
HaeIII,MboI
HaeIII,MluCI
HaeIII,MluI
HaeIII,MreI
HaeIII,MseI
HaeIII,MspA1I
HaeIII,MspI
HaeIII,MssI
HaeIII,MunI
HaeIII,NaeI
HaeIII,NarI
HaeIII,NciI
HaeIII,NcoI
HaeIII,NdeI
HaeIII,NgoMIV
HaeIII,NheI
HaeIII,NlaIII
HaeIII,NruI
HaeIII,NsiI
HaeIII,NspI
HaeIII,PacI
HaeIII,PaeR7I
HaeIII,PciI
HaeIII,PluTI
HaeIII,PpuMI
HaeIII,PsiI
HaeIII,PspGI
HaeIII,PspXI
HaeIII,PstI
HaeIII,PvuI
HaeIII,PvuII
HaeIII,RsRII
HaeIII,RsaI
HaeIII,SacI
HaeIII,SacII
HaeIII,SalI
HaeIII,Sau3AI
HaeIII,SbfI
HaeIII,ScaI
HaeIII,ScrFI
HaeIII,SexAI
HaeIII,SfcI
HaeIII,SgrAI
HaeIII,SgrDI
HaeIII,SmaI
HaeIII,SmlI
HaeIII,SpeI
HaeIII,SphI
HaeIII,SrfI
HaeIII,SspI
HaeIII,StyD4I
HaeIII,StyI
HaeIII,SwaI
HaeIII,TaiI
HaeIII,TaqI
HaeIII,TasI
HaeIII,TatI
HaeIII,TauI
HaeIII,TfiI
HaeIII,TseI
HaeIII,Tsp45I
HaeIII,TspMI
HaeIII,XbaI
HaeIII,XhoI
HaeIII,XmaI
HaeIII,ZraI
HhaI,HincII
HhaI,HindIII
HhaI,HinfI
HhaI,HpaI
HhaI,HpaII
HhaI,Hpy188I
HhaI,Hpy99I
HhaI,HpyCH4III
HhaI,HpyCH4IV
HhaI,HpyCH4V
HhaI,KpnI
HhaI,MboI
HhaI,MluCI
HhaI,MluI
HhaI,MreI
HhaI,MscI
HhaI,MseI
HhaI,MspA1I
HhaI,MspI
HhaI,MssI
HhaI,MunI
HhaI,NaeI
HhaI,NciI
HhaI,NcoI
HhaI,NdeI
HhaI,NgoMIV
HhaI,NheI
HhaI,NlaIII
HhaI,NotI
HhaI,NruI
HhaI,NsiI
HhaI,NspI
HhaI,PacI
HhaI,PaeR7I
HhaI,PciI
HhaI,PpuMI
HhaI,PsiI
HhaI,PspGI
HhaI,PspOMI
HhaI,PspXI
HhaI,PstI
HhaI,PvuI
HhaI,PvuII
HhaI,RsRII
HhaI,RsaI
HhaI,SacI
HhaI,SacII
HhaI,SalI
HhaI,Sau3AI
HhaI,Sau96I
HhaI,SbfI
HhaI,ScaI
HhaI,ScrFI
HhaI,SexAI
HhaI,SfcI
HhaI,SgrAI
HhaI,SgrDI
HhaI,SmaI
HhaI,SmlI
HhaI,SpeI
HhaI,SphI
HhaI,SrfI
HhaI,SspI
HhaI,StyD4I
HhaI,StyI
HhaI,SwaI
HhaI,TaiI
HhaI,TaqI
HhaI,TasI
HhaI,TatI
HhaI,TauI
HhaI,TfiI
HhaI,TseI
HhaI,Tsp45I
HhaI,TspMI
HhaI,XbaI
HhaI,XhoI
HhaI,XmaI
HhaI,ZraI
HinP1I,HincII
HinP1I,HindIII
HinP1I,HinfI
HinP1I,HpaI
HinP1I,HpaII
HinP1I,Hpy188I
HinP1I,Hpy99I
HinP1I,HpyCH4III
HinP1I,HpyCH4IV
HinP1I,HpyCH4V
HinP1I,KpnI
HinP1I,MboI
HinP1I,MluCI
HinP1I,MluI
HinP1I,MreI
HinP1I,MscI
HinP1I,MseI
HinP1I,MspA1I
HinP1I,MspI
HinP1I,MssI
HinP1I,MunI
HinP1I,NaeI
HinP1I,NciI
HinP1I,NcoI
HinP1I,NdeI
HinP1I,NgoMIV
HinP1I,NheI
HinP1I,NlaIII
HinP1I,NotI
HinP1I,NruI
HinP1I,NsiI
HinP1I,NspI
HinP1I,PacI
HinP1I,PaeR7I
HinP1I,PciI
HinP1I,PpuMI
HinP1I,PsiI
HinP1I,PspGI
HinP1I,PspOMI
HinP1I,PspXI
HinP1I,PstI
HinP1I,PvuI
HinP1I,PvuII
HinP1I,RsRII
HinP1I,RsaI
HinP1I,SacI
HinP1I,SacII
HinP1I,SalI
HinP1I,Sau3AI
HinP1I,Sau96I
HinP1I,SbfI
HinP1I,ScaI
HinP1I,ScrFI
HinP1I,SexAI
HinP1I,SfcI
HinP1I,SgrAI
HinP1I,SgrDI
HinP1I,SmaI
HinP1I,SmlI
HinP1I,SpeI
HinP1I,SphI
HinP1I,SrfI
HinP1I,SspI
HinP1I,StyD4I
HinP1I,StyI
HinP1I,SwaI
HinP1I,TaiI
HinP1I,TaqI
HinP1I,TasI
HinP1I,TatI
HinP1I,TauI
HinP1I,TfiI
HinP1I,TseI
HinP1I,Tsp45I
HinP1I,TspMI
HinP1I,XbaI
HinP1I,XhoI
HinP1I,XmaI
HinP1I,ZraI
HincII,HindIII
HincII,HinfI
HincII,HpaII
HincII,Hpy188I
HincII,Hpy99I
HincII,HpyCH4III
HincII,HpyCH4IV
HincII,HpyCH4V
HincII,KasI
HincII,KpnI
HincII,MboI
HincII,MluCI
HincII,MluI
HincII,MreI
HincII,MscI
HincII,MspA1I
HincII,MspI
HincII,MssI
HincII,MunI
HincII,NaeI
HincII,NarI
HincII,NciI
HincII,NcoI
HincII,NdeI
HincII,NgoMIV
HincII,NheI
HincII,NlaIII
HincII,NotI
HincII,NruI
HincII,NsiI
HincII,NspI
HincII,PacI
HincII,PaeR7I
HincII,PciI
HincII,PluTI
HincII,PpuMI
HincII,PsiI
HincII,PspGI
HincII,PspOMI
HincII,PspXI
HincII,PstI
HincII,PvuI
HincII,PvuII
HincII,RsRII
HincII,RsaI
HincII,SacI
HincII,SacII
HincII,Sau3AI
HincII,Sau96I
HincII,SbfI
HincII,ScaI
HincII,ScrFI
HincII,SexAI
HincII,SfcI
HincII,SgrAI
HincII,SmaI
HincII,SmlI
HincII,SpeI
HincII,SphI
HincII,SrfI
HincII,SspI
HincII,StyD4I
HincII,StyI
HincII,SwaI
HincII,TaiI
HincII,TasI
HincII,TatI
HincII,TauI
HincII,TfiI
HincII,TseI
HincII,Tsp45I
HincII,TspMI
HincII,XbaI
HincII,XhoI
HincII,XmaI
HincII,ZraI
HindIII,HinfI
HindIII,HpaI
HindIII,HpaII
HindIII,Hpy188I
HindIII,Hpy99I
HindIII,HpyCH4III
HindIII,HpyCH4IV
HindIII,HpyCH4V
HindIII,KasI
HindIII,KpnI
HindIII,MboI
HindIII,MluCI
HindIII,MluI
HindIII,MreI
HindIII,MscI
HindIII,MseI
HindIII,MspA1I
HindIII,MspI
HindIII,MssI
HindIII,MunI
HindIII,NaeI
HindIII,NarI
HindIII,NciI
HindIII,NcoI
HindIII,NdeI
HindIII,NgoMIV
HindIII,NheI
HindIII,NlaIII
HindIII,NotI
HindIII,NruI
HindIII,NsiI
HindIII,NspI
HindIII,PacI
HindIII,PaeR7I
HindIII,PciI
HindIII,PluTI
HindIII,PpuMI
HindIII,PsiI
HindIII,PspGI
HindIII,PspOMI
HindIII,PspXI
HindIII,PstI
HindIII,PvuI
HindIII,PvuII
HindIII,RsRII
HindIII,RsaI
HindIII,SacI
HindIII,SacII
HindIII,SalI
HindIII,Sau3AI
HindIII,Sau96I
HindIII,SbfI
HindIII,ScaI
HindIII,ScrFI
HindIII,SexAI
HindIII,SfcI
HindIII,SgrAI
HindIII,SgrDI
HindIII,SmaI
HindIII,SmlI
HindIII,SpeI
HindIII,SphI
HindIII,SrfI
HindIII,SspI
HindIII,StyD4I
HindIII,StyI
HindIII,SwaI
HindIII,TaiI
HindIII,TaqI
HindIII,TasI
HindIII,TatI
HindIII,TauI
HindIII,TfiI
HindIII,TseI
HindIII,Tsp45I
HindIII,TspMI
HindIII,XbaI
HindIII,XhoI
HindIII,XmaI
HindIII,ZraI
HinfI,HpaI
HinfI,HpaII
HinfI,Hpy188I
HinfI,Hpy99I
HinfI,HpyCH4III
HinfI,HpyCH4IV
HinfI,HpyCH4V
HinfI,KasI
HinfI,KpnI
HinfI,MboI
HinfI,MluCI
HinfI,MluI
HinfI,MreI
HinfI,MscI
HinfI,MseI
HinfI,MspA1I
HinfI,MspI
HinfI,MssI
HinfI,MunI
HinfI,NaeI
HinfI,NarI
HinfI,NciI
HinfI,NcoI
HinfI,NdeI
HinfI,NgoMIV
HinfI,NheI
HinfI,NlaIII
HinfI,NotI
HinfI,NruI
HinfI,NsiI
HinfI,NspI
HinfI,PacI
HinfI,PaeR7I
HinfI,PciI
HinfI,PluTI
HinfI,PpuMI
HinfI,PsiI
HinfI,PspGI
HinfI,PspOMI
HinfI,PspXI
HinfI,PstI
HinfI,PvuI
HinfI,PvuII
HinfI,RsRII
HinfI,RsaI
HinfI,SacI
HinfI,SacII
HinfI,SalI
HinfI,Sau3AI
HinfI,Sau96I
HinfI,SbfI
HinfI,ScaI
HinfI,ScrFI
HinfI,SexAI
HinfI,SfcI
HinfI,SgrAI
HinfI,SgrDI
HinfI,SmaI
HinfI,SmlI
HinfI,SpeI
HinfI,SphI
HinfI,SrfI
HinfI,SspI
HinfI,StyD4I
HinfI,StyI
HinfI,SwaI
HinfI,TaiI
HinfI,TaqI
HinfI,TasI
HinfI,TatI
HinfI,TauI
HinfI,TseI
HinfI,Tsp45I
HinfI,TspMI
HinfI,XbaI
HinfI,XhoI
HinfI,XmaI
HinfI,ZraI
HpaI,HpaII
HpaI,Hpy188I
HpaI,Hpy99I
HpaI,HpyCH4III
HpaI,HpyCH4IV
HpaI,HpyCH4V
HpaI,KasI
HpaI,KpnI
HpaI,MboI
HpaI,MluCI
HpaI,MluI
HpaI,MreI
HpaI,MscI
HpaI,MspA1I
HpaI,MspI
HpaI,MssI
HpaI,MunI
HpaI,NaeI
HpaI,NarI
HpaI,NciI
HpaI,NcoI
HpaI,NdeI
HpaI,NgoMIV
HpaI,NheI
HpaI,NlaIII
HpaI,NotI
HpaI,NruI
HpaI,NsiI
HpaI,NspI
HpaI,PacI
HpaI,PaeR7I
HpaI,PciI
HpaI,PluTI
HpaI,PpuMI
HpaI,PsiI
HpaI,PspGI
HpaI,PspOMI
HpaI,PspXI
HpaI,PstI
HpaI,PvuI
HpaI,PvuII
HpaI,RsRII
HpaI,RsaI
HpaI,SacI
HpaI,SacII
HpaI,SalI
HpaI,Sau3AI
HpaI,Sau96I
HpaI,SbfI
HpaI,ScaI
HpaI,ScrFI
HpaI,SexAI
HpaI,SfcI
HpaI,SgrAI
HpaI,SgrDI
HpaI,SmaI
HpaI,SmlI
HpaI,SpeI
HpaI,SphI
HpaI,SrfI
HpaI,SspI
HpaI,StyD4I
HpaI,StyI
HpaI,SwaI
HpaI,TaiI
HpaI,TaqI
HpaI,TasI
HpaI,TatI
HpaI,TauI
HpaI,TfiI
HpaI,TseI
HpaI,Tsp45I
HpaI,TspMI
HpaI,XbaI
HpaI,XhoI
HpaI,XmaI
HpaI,ZraI
HpaII,Hpy188I
HpaII,Hpy99I
HpaII,HpyCH4III
HpaII,HpyCH4IV
HpaII,HpyCH4V
HpaII,KasI
HpaII,KpnI
HpaII,MboI
HpaII,MluCI
HpaII,MluI
HpaII,MscI
HpaII,MseI
HpaII,MspA1I
HpaII,MssI
HpaII,MunI
HpaII,NarI
HpaII,NcoI
HpaII,NdeI
HpaII,NheI
HpaII,NlaIII
HpaII,NotI
HpaII,NruI
HpaII,NsiI
HpaII,NspI
HpaII,PacI
HpaII,PaeR7I
HpaII,PciI
HpaII,PluTI
HpaII,PpuMI
HpaII,PsiI
HpaII,PspGI
HpaII,PspOMI
HpaII,PspXI
HpaII,PstI
HpaII,PvuI
HpaII,PvuII
HpaII,RsRII
HpaII,RsaI
HpaII,SacI
HpaII,SacII
HpaII,SalI
HpaII,Sau3AI
HpaII,Sau96I
HpaII,SbfI
HpaII,ScaI
HpaII,SexAI
HpaII,SfcI
HpaII,SgrDI
HpaII,SmlI
HpaII,SpeI
HpaII,SphI
HpaII,SspI
HpaII,StyI
HpaII,SwaI
HpaII,TaiI
HpaII,TaqI
HpaII,TasI
HpaII,TatI
HpaII,TauI
HpaII,TfiI
HpaII,TseI
HpaII,Tsp45I
HpaII,XbaI
HpaII,XhoI
HpaII,ZraI
Hpy188I,Hpy99I
Hpy188I,HpyCH4III
Hpy188I,HpyCH4IV
Hpy188I,HpyCH4V
Hpy188I,KasI
Hpy188I,KpnI
Hpy188I,MboI
Hpy188I,MluCI
Hpy188I,MluI
Hpy188I,MreI
Hpy188I,MscI
Hpy188I,MseI
Hpy188I,MspA1I
Hpy188I,MspI
Hpy188I,MssI
Hpy188I,MunI
Hpy188I,NaeI
Hpy188I,NarI
Hpy188I,NciI
Hpy188I,NcoI
Hpy188I,NdeI
Hpy188I,NgoMIV
Hpy188I,NheI
Hpy188I,NlaIII
Hpy188I,NotI
Hpy188I,NruI
Hpy188I,NsiI
Hpy188I,NspI
Hpy188I,PacI
Hpy188I,PaeR7I
Hpy188I,PciI
Hpy188I,PluTI
Hpy188I,PpuMI
Hpy188I,PsiI
Hpy188I,PspGI
Hpy188I,PspOMI
Hpy188I,PspXI
Hpy188I,PstI
Hpy188I,PvuI
Hpy188I,PvuII
Hpy188I,RsRII
Hpy188I,RsaI
Hpy188I,SacI
Hpy188I,SacII
Hpy188I,SalI
Hpy188I,Sau3AI
Hpy188I,Sau96I
Hpy188I,SbfI
Hpy188I,ScaI
Hpy188I,ScrFI
Hpy188I,SexAI
Hpy188I,SfcI
Hpy188I,SgrAI
Hpy188I,SgrDI
Hpy188I,SmaI
Hpy188I,SmlI
Hpy188I,SpeI
Hpy188I,SphI
Hpy188I,SrfI
Hpy188I,SspI
Hpy188I,StyD4I
Hpy188I,StyI
Hpy188I,SwaI
Hpy188I,TaiI
Hpy188I,TaqI
Hpy188I,TasI
Hpy188I,TatI
Hpy188I,TauI
Hpy188I,TfiI
Hpy188I,TseI
Hpy188I,Tsp45I
Hpy188I,TspMI
Hpy188I,XbaI
Hpy188I,XhoI
Hpy188I,XmaI
Hpy188I,ZraI
Hpy99I,HpyCH4III
Hpy99I,HpyCH4IV
Hpy99I,HpyCH4V
Hpy99I,KasI
Hpy99I,KpnI
Hpy99I,MboI
Hpy99I,MluCI
Hpy99I,MluI
Hpy99I,MreI
Hpy99I,MscI
Hpy99I,MseI
Hpy99I,MspA1I
Hpy99I,MspI
Hpy99I,MssI
Hpy99I,MunI
Hpy99I,NaeI
Hpy99I,NarI
Hpy99I,NciI
Hpy99I,NcoI
Hpy99I,NdeI
Hpy99I,NgoMIV
Hpy99I,NheI
Hpy99I,NlaIII
Hpy99I,NotI
Hpy99I,NruI
Hpy99I,NsiI
Hpy99I,NspI
Hpy99I,PacI
Hpy99I,PaeR7I
Hpy99I,PciI
Hpy99I,PluTI
Hpy99I,PpuMI
Hpy99I,PsiI
Hpy99I,PspGI
Hpy99I,PspOMI
Hpy99I,PspXI
Hpy99I,PstI
Hpy99I,PvuI
Hpy99I,PvuII
Hpy99I,RsRII
Hpy99I,RsaI
Hpy99I,SacI
Hpy99I,SacII
Hpy99I,SalI
Hpy99I,Sau3AI
Hpy99I,Sau96I
Hpy99I,SbfI
Hpy99I,ScaI
Hpy99I,ScrFI
Hpy99I,SexAI
Hpy99I,SfcI
Hpy99I,SgrAI
Hpy99I,SmaI
Hpy99I,SmlI
Hpy99I,SpeI
Hpy99I,SphI
Hpy99I,SrfI
Hpy99I,SspI
Hpy99I,StyD4I
Hpy99I,StyI
Hpy99I,SwaI
Hpy99I,TaiI
Hpy99I,TaqI
Hpy99I,TasI
Hpy99I,TatI
Hpy99I,TauI
Hpy99I,TfiI
Hpy99I,TseI
Hpy99I,Tsp45I
Hpy99I,TspMI
Hpy99I,XbaI
Hpy99I,XhoI
Hpy99I,XmaI
Hpy99I,ZraI
HpyCH4III,HpyCH4IV
HpyCH4III,HpyCH4V
HpyCH4III,KasI
HpyCH4III,KpnI
HpyCH4III,MboI
HpyCH4III,MluCI
HpyCH4III,MluI
HpyCH4III,MreI
HpyCH4III,MscI
HpyCH4III,MseI
HpyCH4III,MspA1I
HpyCH4III,MspI
HpyCH4III,MssI
HpyCH4III,MunI
HpyCH4III,NaeI
HpyCH4III,NarI
HpyCH4III,NciI
HpyCH4III,NcoI
HpyCH4III,NdeI
HpyCH4III,NgoMIV
HpyCH4III,NheI
HpyCH4III,NlaIII
HpyCH4III,NotI
HpyCH4III,NruI
HpyCH4III,NsiI
HpyCH4III,NspI
HpyCH4III,PacI
HpyCH4III,PaeR7I
HpyCH4III,PciI
HpyCH4III,PluTI
HpyCH4III,PpuMI
HpyCH4III,PsiI
HpyCH4III,PspGI
HpyCH4III,PspOMI
HpyCH4III,PspXI
HpyCH4III,PstI
HpyCH4III,PvuI
HpyCH4III,PvuII
HpyCH4III,RsRII
HpyCH4III,RsaI
HpyCH4III,SacI
HpyCH4III,SacII
HpyCH4III,SalI
HpyCH4III,Sau3AI
HpyCH4III,Sau96I
HpyCH4III,SbfI
HpyCH4III,ScaI
HpyCH4III,ScrFI
HpyCH4III,SexAI
HpyCH4III,SfcI
HpyCH4III,SgrAI
HpyCH4III,SgrDI
HpyCH4III,SmaI
HpyCH4III,SmlI
HpyCH4III,SpeI
HpyCH4III,SphI
HpyCH4III,SrfI
HpyCH4III,SspI
HpyCH4III,StyD4I
HpyCH4III,StyI
HpyCH4III,SwaI
HpyCH4III,TaiI
HpyCH4III,TaqI
HpyCH4III,TasI
HpyCH4III,TatI
HpyCH4III,TauI
HpyCH4III,TfiI
HpyCH4III,TseI
HpyCH4III,Tsp45I
HpyCH4III,TspMI
HpyCH4III,XbaI
HpyCH4III,XhoI
HpyCH4III,XmaI
HpyCH4III,ZraI
HpyCH4IV,HpyCH4V
HpyCH4IV,KasI
HpyCH4IV,KpnI
HpyCH4IV,MboI
HpyCH4IV,MluCI
HpyCH4IV,MluI
HpyCH4IV,MreI
HpyCH4IV,MscI
HpyCH4IV,MseI
HpyCH4IV,MspA1I
HpyCH4IV,MspI
HpyCH4IV,MssI
HpyCH4IV,MunI
HpyCH4IV,NaeI
HpyCH4IV,NarI
HpyCH4IV,NciI
HpyCH4IV,NcoI
HpyCH4IV,NdeI
HpyCH4IV,NgoMIV
HpyCH4IV,NheI
HpyCH4IV,NlaIII
HpyCH4IV,NotI
HpyCH4IV,NruI
HpyCH4IV,NsiI
HpyCH4IV,NspI
HpyCH4IV,PacI
HpyCH4IV,PaeR7I
HpyCH4IV,PciI
HpyCH4IV,PluTI
HpyCH4IV,PpuMI
HpyCH4IV,PsiI
HpyCH4IV,PspGI
HpyCH4IV,PspOMI
HpyCH4IV,PspXI
HpyCH4IV,PstI
HpyCH4IV,PvuI
HpyCH4IV,PvuII
HpyCH4IV,RsRII
HpyCH4IV,RsaI
HpyCH4IV,SacI
HpyCH4IV,SacII
HpyCH4IV,SalI
HpyCH4IV,Sau3AI
HpyCH4IV,Sau96I
HpyCH4IV,SbfI
HpyCH4IV,ScaI
HpyCH4IV,ScrFI
HpyCH4IV,SexAI
HpyCH4IV,SfcI
HpyCH4IV,SgrAI
HpyCH4IV,SgrDI
HpyCH4IV,SmaI
HpyCH4IV,SmlI
HpyCH4IV,SpeI
HpyCH4IV,SphI
HpyCH4IV,SrfI
HpyCH4IV,SspI
HpyCH4IV,StyD4I
HpyCH4IV,StyI
HpyCH4IV,SwaI
HpyCH4IV,TaqI
HpyCH4IV,TasI
HpyCH4IV,TatI
HpyCH4IV,TauI
HpyCH4IV,TfiI
HpyCH4IV,TseI
HpyCH4IV,Tsp45I
HpyCH4IV,TspMI
HpyCH4IV,XbaI
HpyCH4IV,XhoI
HpyCH4IV,XmaI
HpyCH4V,KasI
HpyCH4V,KpnI
HpyCH4V,MboI
HpyCH4V,MluCI
HpyCH4V,MluI
HpyCH4V,MreI
HpyCH4V,MscI
HpyCH4V,MseI
HpyCH4V,MspA1I
HpyCH4V,MspI
HpyCH4V,MssI
HpyCH4V,MunI
HpyCH4V,NaeI
HpyCH4V,NarI
HpyCH4V,NciI
HpyCH4V,NcoI
HpyCH4V,NdeI
HpyCH4V,NgoMIV
HpyCH4V,NheI
HpyCH4V,NlaIII
HpyCH4V,NotI
HpyCH4V,NruI
HpyCH4V,NspI
HpyCH4V,PacI
HpyCH4V,PaeR7I
HpyCH4V,PciI
HpyCH4V,PluTI
HpyCH4V,PpuMI
HpyCH4V,PsiI
HpyCH4V,PspGI
HpyCH4V,PspOMI
HpyCH4V,PspXI
HpyCH4V,PvuI
HpyCH4V,PvuII
HpyCH4V,RsRII
HpyCH4V,RsaI
HpyCH4V,SacI
HpyCH4V,SacII
HpyCH4V,SalI
HpyCH4V,Sau3AI
HpyCH4V,Sau96I
HpyCH4V,ScaI
HpyCH4V,ScrFI
HpyCH4V,SexAI
HpyCH4V,SgrAI
HpyCH4V,SgrDI
HpyCH4V,SmaI
HpyCH4V,SmlI
HpyCH4V,SpeI
HpyCH4V,SphI
HpyCH4V,SrfI
HpyCH4V,SspI
HpyCH4V,StyD4I
HpyCH4V,StyI
HpyCH4V,SwaI
HpyCH4V,TaiI
HpyCH4V,TaqI
HpyCH4V,TasI
HpyCH4V,TatI
HpyCH4V,TauI
HpyCH4V,TfiI
HpyCH4V,TseI
HpyCH4V,Tsp45I
HpyCH4V,TspMI
HpyCH4V,XbaI
HpyCH4V,XhoI
HpyCH4V,XmaI
HpyCH4V,ZraI
KasI,KpnI
KasI,MboI
KasI,MluCI
KasI,MluI
KasI,MreI
KasI,MscI
KasI,MseI
KasI,MspA1I
KasI,MspI
KasI,MssI
KasI,MunI
KasI,NaeI
KasI,NciI
KasI,NcoI
KasI,NdeI
KasI,NgoMIV
KasI,NheI
KasI,NlaIII
KasI,NotI
KasI,NruI
KasI,NsiI
KasI,NspI
KasI,PacI
KasI,PaeR7I
KasI,PciI
KasI,PpuMI
KasI,PsiI
KasI,PspGI
KasI,PspOMI
KasI,PspXI
KasI,PstI
KasI,PvuI
KasI,PvuII
KasI,RsRII
KasI,RsaI
KasI,SacI
KasI,SacII
KasI,SalI
KasI,Sau3AI
KasI,Sau96I
KasI,SbfI
KasI,ScaI
KasI,ScrFI
KasI,SexAI
KasI,SfcI
KasI,SgrAI
KasI,SgrDI
KasI,SmaI
KasI,SmlI
KasI,SpeI
KasI,SphI
KasI,SrfI
KasI,SspI
KasI,StyD4I
KasI,StyI
KasI,SwaI
KasI,TaiI
KasI,TaqI
KasI,TasI
KasI,TatI
KasI,TauI
KasI,TfiI
KasI,TseI
KasI,Tsp45I
KasI,TspMI
KasI,XbaI
KasI,XhoI
KasI,XmaI
KasI,ZraI
KpnI,MboI
KpnI,MluCI
KpnI,MluI
KpnI,MreI
KpnI,MscI
KpnI,MseI
KpnI,MspA1I
KpnI,MspI
KpnI,MssI
KpnI,MunI
KpnI,NaeI
KpnI,NarI
KpnI,NciI
KpnI,NcoI
KpnI,NdeI
KpnI,NgoMIV
KpnI,NheI
KpnI,NlaIII
KpnI,NotI
KpnI,NruI
KpnI,NsiI
KpnI,NspI
KpnI,PacI
KpnI,PaeR7I
KpnI,PciI
KpnI,PluTI
KpnI,PpuMI
KpnI,PsiI
KpnI,PspGI
KpnI,PspOMI
KpnI,PspXI
KpnI,PstI
KpnI,PvuI
KpnI,PvuII
KpnI,RsRII
KpnI,SacI
KpnI,SacII
KpnI,SalI
KpnI,Sau3AI
KpnI,Sau96I
KpnI,SbfI
KpnI,ScaI
KpnI,ScrFI
KpnI,SexAI
KpnI,SfcI
KpnI,SgrAI
KpnI,SgrDI
KpnI,SmaI
KpnI,SmlI
KpnI,SpeI
KpnI,SphI
KpnI,SrfI
KpnI,SspI
KpnI,StyD4I
KpnI,StyI
KpnI,SwaI
KpnI,TaiI
KpnI,TaqI
KpnI,TasI
KpnI,TatI
KpnI,TauI
KpnI,TfiI
KpnI,TseI
KpnI,Tsp45I
KpnI,TspMI
KpnI,XbaI
KpnI,XhoI
KpnI,XmaI
KpnI,ZraI
MboI,MluCI
MboI,MluI
MboI,MreI
MboI,MscI
MboI,MseI
MboI,MspA1I
MboI,MspI
MboI,MssI
MboI,MunI
MboI,NaeI
MboI,NarI
MboI,NciI
MboI,NcoI
MboI,NdeI
MboI,NgoMIV
MboI,NheI
MboI,NlaIII
MboI,NotI
MboI,NruI
MboI,NsiI
MboI,NspI
MboI,PacI
MboI,PaeR7I
MboI,PciI
MboI,PluTI
MboI,PpuMI
MboI,PsiI
MboI,PspGI
MboI,PspOMI
MboI,PspXI
MboI,PstI
MboI,PvuII
MboI,RsRII
MboI,RsaI
MboI,SacI
MboI,SacII
MboI,SalI
MboI,Sau96I
MboI,SbfI
MboI,ScaI
MboI,ScrFI
MboI,SexAI
MboI,SfcI
MboI,SgrAI
MboI,SgrDI
MboI,SmaI
MboI,SmlI
MboI,SpeI
MboI,SphI
MboI,SrfI
MboI,SspI
MboI,StyD4I
MboI,StyI
MboI,SwaI
MboI,TaiI
MboI,TaqI
MboI,TasI
MboI,TatI
MboI,TauI
MboI,TfiI
MboI,TseI
MboI,Tsp45I
MboI,TspMI
MboI,XbaI
MboI,XhoI
MboI,XmaI
MboI,ZraI
MluCI,MluI
MluCI,MreI
MluCI,MscI
MluCI,MseI
MluCI,MspA1I
MluCI,MspI
MluCI,MssI
MluCI,NaeI
MluCI,NarI
MluCI,NciI
MluCI,NcoI
MluCI,NdeI
MluCI,NgoMIV
MluCI,NheI
MluCI,NlaIII
MluCI,NotI
MluCI,NruI
MluCI,NsiI
MluCI,NspI
MluCI,PaeR7I
MluCI,PciI
MluCI,PluTI
MluCI,PpuMI
MluCI,PsiI
MluCI,PspGI
MluCI,PspOMI
MluCI,PspXI
MluCI,PstI
MluCI,PvuI
MluCI,PvuII
MluCI,RsRII
MluCI,RsaI
MluCI,SacI
MluCI,SacII
MluCI,SalI
MluCI,Sau3AI
MluCI,Sau96I
MluCI,SbfI
MluCI,ScaI
MluCI,ScrFI
MluCI,SexAI
MluCI,SfcI
MluCI,SgrAI
MluCI,SgrDI
MluCI,SmaI
MluCI,SmlI
MluCI,SpeI
MluCI,SphI
MluCI,SrfI
MluCI,SspI
MluCI,StyD4I
MluCI,StyI
MluCI,SwaI
MluCI,TaiI
MluCI,TaqI
MluCI,TatI
MluCI,TauI
MluCI,TfiI
MluCI,TseI
MluCI,Tsp45I
MluCI,TspMI
MluCI,XbaI
MluCI,XhoI
MluCI,XmaI
MluCI,ZraI
MluI,MreI
MluI,MscI
MluI,MseI
MluI,MspA1I
MluI,MspI
MluI,MssI
MluI,MunI
MluI,NaeI
MluI,NarI
MluI,NciI
MluI,NcoI
MluI,NdeI
MluI,NgoMIV
MluI,NheI
MluI,NlaIII
MluI,NotI
MluI,NruI
MluI,NsiI
MluI,NspI
MluI,PacI
MluI,PaeR7I
MluI,PciI
MluI,PluTI
MluI,PpuMI
MluI,PsiI
MluI,PspGI
MluI,PspOMI
MluI,PspXI
MluI,PstI
MluI,PvuI
MluI,PvuII
MluI,RsRII
MluI,RsaI
MluI,SacI
MluI,SacII
MluI,SalI
MluI,Sau3AI
MluI,Sau96I
MluI,SbfI
MluI,ScaI
MluI,ScrFI
MluI,SexAI
MluI,SfcI
MluI,SgrAI
MluI,SgrDI
MluI,SmaI
MluI,SmlI
MluI,SpeI
MluI,SphI
MluI,SrfI
MluI,SspI
MluI,StyD4I
MluI,StyI
MluI,SwaI
MluI,TaiI
MluI,TaqI
MluI,TasI
MluI,TatI
MluI,TauI
MluI,TfiI
MluI,TseI
MluI,Tsp45I
MluI,TspMI
MluI,XbaI
MluI,XhoI
MluI,XmaI
MluI,ZraI
MreI,MscI
MreI,MseI
MreI,MspA1I
MreI,MssI
MreI,MunI
MreI,NarI
MreI,NciI
MreI,NcoI
MreI,NdeI
MreI,NheI
MreI,NlaIII
MreI,NotI
MreI,NruI
MreI,NsiI
MreI,NspI
MreI,PacI
MreI,PaeR7I
MreI,PciI
MreI,PluTI
MreI,PpuMI
MreI,PsiI
MreI,PspGI
MreI,PspOMI
MreI,PspXI
MreI,PstI
MreI,PvuI
MreI,PvuII
MreI,RsRII
MreI,RsaI
MreI,SacI
MreI,SacII
MreI,SalI
MreI,Sau3AI
MreI,Sau96I
MreI,SbfI
MreI,ScaI
MreI,ScrFI
MreI,SexAI
MreI,SfcI
MreI,SgrDI
MreI,SmaI
MreI,SmlI
MreI,SpeI
MreI,SphI
MreI,SrfI
MreI,SspI
MreI,StyD4I
MreI,StyI
MreI,SwaI
MreI,TaiI
MreI,TaqI
MreI,TasI
MreI,TatI
MreI,TauI
MreI,TfiI
MreI,TseI
MreI,Tsp45I
MreI,TspMI
MreI,XbaI
MreI,XhoI
MreI,XmaI
MreI,ZraI
MscI,MseI
MscI,MspA1I
MscI,MspI
MscI,MssI
MscI,MunI
MscI,NaeI
MscI,NarI
MscI,NciI
MscI,NcoI
MscI,NdeI
MscI,NgoMIV
MscI,NheI
MscI,NlaIII
MscI,NotI
MscI,NruI
MscI,NsiI
MscI,NspI
MscI,PacI
MscI,PaeR7I
MscI,PciI
MscI,PluTI
MscI,PpuMI
MscI,PsiI
MscI,PspGI
MscI,PspOMI
MscI,PspXI
MscI,PstI
MscI,PvuI
MscI,PvuII
MscI,RsRII
MscI,RsaI
MscI,SacI
MscI,SacII
MscI,SalI
MscI,Sau3AI
MscI,Sau96I
MscI,SbfI
MscI,ScaI
MscI,ScrFI
MscI,SexAI
MscI,SfcI
MscI,SgrAI
MscI,SgrDI
MscI,SmaI
MscI,SmlI
MscI,SpeI
MscI,SphI
MscI,SrfI
MscI,SspI
MscI,StyD4I
MscI,StyI
MscI,SwaI
MscI,TaiI
MscI,TaqI
MscI,TasI
MscI,TatI
MscI,TauI
MscI,TfiI
MscI,TseI
MscI,Tsp45I
MscI,TspMI
MscI,XbaI
MscI,XhoI
MscI,XmaI
MscI,ZraI
MseI,MspA1I
MseI,MspI
MseI,MunI
MseI,NaeI
MseI,NarI
MseI,NciI
MseI,NcoI
MseI,NdeI
MseI,NgoMIV
MseI,NheI
MseI,NlaIII
MseI,NotI
MseI,NruI
MseI,NsiI
MseI,NspI
MseI,PaeR7I
MseI,PciI
MseI,PluTI
MseI,PpuMI
MseI,PsiI
MseI,PspGI
MseI,PspOMI
MseI,PspXI
MseI,PstI
MseI,PvuI
MseI,PvuII
MseI,RsRII
MseI,RsaI
MseI,SacI
MseI,SacII
MseI,SalI
MseI,Sau3AI
MseI,Sau96I
MseI,SbfI
MseI,ScaI
MseI,ScrFI
MseI,SexAI
MseI,SfcI
MseI,SgrAI
MseI,SgrDI
MseI,SmaI
MseI,SpeI
MseI,SphI
MseI,SrfI
MseI,SspI
MseI,StyD4I
MseI,StyI
MseI,TaiI
MseI,TaqI
MseI,TasI
MseI,TatI
MseI,TauI
MseI,TfiI
MseI,TseI
MseI,Tsp45I
MseI,TspMI
MseI,XbaI
MseI,XhoI
MseI,XmaI
MseI,ZraI
MspA1I,MspI
MspA1I,MssI
MspA1I,MunI
MspA1I,NaeI
MspA1I,NarI
MspA1I,NciI
MspA1I,NcoI
MspA1I,NdeI
MspA1I,NgoMIV
MspA1I,NheI
MspA1I,NlaIII
MspA1I,NotI
MspA1I,NruI
MspA1I,NsiI
MspA1I,NspI
MspA1I,PacI
MspA1I,PaeR7I
MspA1I,PciI
MspA1I,PluTI
MspA1I,PpuMI
MspA1I,PsiI
MspA1I,PspGI
MspA1I,PspOMI
MspA1I,PspXI
MspA1I,PstI
MspA1I,PvuI
MspA1I,RsRII
MspA1I,RsaI
MspA1I,SacI
MspA1I,SalI
MspA1I,Sau3AI
MspA1I,Sau96I
MspA1I,SbfI
MspA1I,ScaI
MspA1I,ScrFI
MspA1I,SexAI
MspA1I,SfcI
MspA1I,SgrAI
MspA1I,SgrDI
MspA1I,SmaI
MspA1I,SmlI
MspA1I,SpeI
MspA1I,SphI
MspA1I,SrfI
MspA1I,SspI
MspA1I,StyD4I
MspA1I,StyI
MspA1I,SwaI
MspA1I,TaiI
MspA1I,TaqI
MspA1I,TasI
MspA1I,TatI
MspA1I,TauI
MspA1I,TfiI
MspA1I,TseI
MspA1I,Tsp45I
MspA1I,TspMI
MspA1I,XbaI
MspA1I,XhoI
MspA1I,XmaI
MspA1I,ZraI
MspI,MssI
MspI,MunI
MspI,NarI
MspI,NcoI
MspI,NdeI
MspI,NheI
MspI,NlaIII
MspI,NotI
MspI,NruI
MspI,NsiI
MspI,NspI
MspI,PacI
MspI,PaeR7I
MspI,PciI
MspI,PluTI
MspI,PpuMI
MspI,PsiI
MspI,PspGI
MspI,PspOMI
MspI,PspXI
MspI,PstI
MspI,PvuI
MspI,PvuII
MspI,RsRII
MspI,RsaI
MspI,SacI
MspI,SacII
MspI,SalI
MspI,Sau3AI
MspI,Sau96I
MspI,SbfI
MspI,ScaI
MspI,SexAI
MspI,SfcI
MspI,SgrDI
MspI,SmlI
MspI,SpeI
MspI,SphI
MspI,SspI
MspI,StyI
MspI,SwaI
MspI,TaiI
MspI,TaqI
MspI,TasI
MspI,TatI
MspI,TauI
MspI,TfiI
MspI,TseI
MspI,Tsp45I
MspI,XbaI
MspI,XhoI
MspI,ZraI
MssI,MunI
MssI,NaeI
MssI,NarI
MssI,NciI
MssI,NcoI
MssI,NdeI
MssI,NgoMIV
MssI,NheI
MssI,NlaIII
MssI,NotI
MssI,NruI
MssI,NsiI
MssI,NspI
MssI,PacI
MssI,PaeR7I
MssI,PciI
MssI,PluTI
MssI,PpuMI
MssI,PsiI
MssI,PspGI
MssI,PspOMI
MssI,PspXI
MssI,PstI
MssI,PvuI
MssI,PvuII
MssI,RsRII
MssI,RsaI
MssI,SacI
MssI,SacII
MssI,SalI
MssI,Sau3AI
MssI,Sau96I
MssI,SbfI
MssI,ScaI
MssI,ScrFI
MssI,SexAI
MssI,SfcI
MssI,SgrAI
MssI,SgrDI
MssI,SmaI
MssI,SmlI
MssI,SpeI
MssI,SphI
MssI,SrfI
MssI,SspI
MssI,StyD4I
MssI,StyI
MssI,SwaI
MssI,TaiI
MssI,TaqI
MssI,TasI
MssI,TatI
MssI,TauI
MssI,TfiI
MssI,TseI
MssI,Tsp45I
MssI,TspMI
MssI,XbaI
MssI,XhoI
MssI,XmaI
MssI,ZraI
MunI,NaeI
MunI,NarI
MunI,NciI
MunI,NcoI
MunI,NdeI
MunI,NgoMIV
MunI,NheI
MunI,NlaIII
MunI,NotI
MunI,NruI
MunI,NsiI
MunI,NspI
MunI,PacI
MunI,PaeR7I
MunI,PciI
MunI,PluTI
MunI,PpuMI
MunI,PsiI
MunI,PspGI
MunI,PspOMI
MunI,PspXI
MunI,PstI
MunI,PvuI
MunI,PvuII
MunI,RsRII
MunI,RsaI
MunI,SacI
MunI,SacII
MunI,SalI
MunI,Sau3AI
MunI,Sau96I
MunI,SbfI
MunI,ScaI
MunI,ScrFI
MunI,SexAI
MunI,SfcI
MunI,SgrAI
MunI,SgrDI
MunI,SmaI
MunI,SmlI
MunI,SpeI
MunI,SphI
MunI,SrfI
MunI,SspI
MunI,StyD4I
MunI,StyI
MunI,SwaI
MunI,TaiI
MunI,TaqI
MunI,TatI
MunI,TauI
MunI,TfiI
MunI,TseI
MunI,Tsp45I
MunI,TspMI
MunI,XbaI
MunI,XhoI
MunI,XmaI
MunI,ZraI
NaeI,NarI
NaeI,NciI
NaeI,NcoI
NaeI,NdeI
NaeI,NheI
NaeI,NlaIII
NaeI,NotI
NaeI,NruI
NaeI,NsiI
NaeI,NspI
NaeI,PacI
NaeI,PaeR7I
NaeI,PciI
NaeI,PluTI
NaeI,PpuMI
NaeI,PsiI
NaeI,PspGI
NaeI,PspOMI
NaeI,PspXI
NaeI,PstI
NaeI,PvuI
NaeI,PvuII
NaeI,RsRII
NaeI,RsaI
NaeI,SacI
NaeI,SacII
NaeI,SalI
NaeI,Sau3AI
NaeI,Sau96I
NaeI,SbfI
NaeI,ScaI
NaeI,ScrFI
NaeI,SexAI
NaeI,SfcI
NaeI,SgrDI
NaeI,SmaI
NaeI,SmlI
NaeI,SpeI
NaeI,SphI
NaeI,SrfI
NaeI,SspI
NaeI,StyD4I
NaeI,StyI
NaeI,SwaI
NaeI,TaiI
NaeI,TaqI
NaeI,TasI
NaeI,TatI
NaeI,TauI
NaeI,TfiI
NaeI,TseI
NaeI,Tsp45I
NaeI,TspMI
NaeI,XbaI
NaeI,XhoI
NaeI,XmaI
NaeI,ZraI
NarI,NciI
NarI,NcoI
NarI,NdeI
NarI,NgoMIV
NarI,NheI
NarI,NlaIII
NarI,NotI
NarI,NruI
NarI,NsiI
NarI,NspI
NarI,PacI
NarI,PaeR7I
NarI,PciI
NarI,PpuMI
NarI,PsiI
NarI,PspGI
NarI,PspOMI
NarI,PspXI
NarI,PstI
NarI,PvuI
NarI,PvuII
NarI,RsRII
NarI,RsaI
NarI,SacI
NarI,SacII
NarI,SalI
NarI,Sau3AI
NarI,Sau96I
NarI,SbfI
NarI,ScaI
NarI,ScrFI
NarI,SexAI
NarI,SfcI
NarI,SgrAI
NarI,SgrDI
NarI,SmaI
NarI,SmlI
NarI,SpeI
NarI,SphI
NarI,SrfI
NarI,SspI
NarI,StyD4I
NarI,StyI
NarI,SwaI
NarI,TaiI
NarI,TaqI
NarI,TasI
NarI,TatI
NarI,TauI
NarI,TfiI
NarI,TseI
NarI,Tsp45I
NarI,TspMI
NarI,XbaI
NarI,XhoI
NarI,XmaI
NarI,ZraI
NciI,NcoI
NciI,NdeI
NciI,NgoMIV
NciI,NheI
NciI,NlaIII
NciI,NotI
NciI,NruI
NciI,NsiI
NciI,NspI
NciI,PacI
NciI,PaeR7I
NciI,PciI
NciI,PluTI
NciI,PpuMI
NciI,PsiI
NciI,PspGI
NciI,PspOMI
NciI,PspXI
NciI,PstI
NciI,PvuI
NciI,PvuII
NciI,RsRII
NciI,RsaI
NciI,SacI
NciI,SacII
NciI,SalI
NciI,Sau3AI
NciI,Sau96I
NciI,SbfI
NciI,ScaI
NciI,SexAI
NciI,SfcI
NciI,SgrAI
NciI,SgrDI
NciI,SmlI
NciI,SpeI
NciI,SphI
NciI,SspI
NciI,StyI
NciI,SwaI
NciI,TaiI
NciI,TaqI
NciI,TasI
NciI,TatI
NciI,TauI
NciI,TfiI
NciI,TseI
NciI,Tsp45I
NciI,XbaI
NciI,XhoI
NciI,ZraI
NcoI,NdeI
NcoI,NgoMIV
NcoI,NheI
NcoI,NotI
NcoI,NruI
NcoI,NsiI
NcoI,NspI
NcoI,PacI
NcoI,PaeR7I
NcoI,PciI
NcoI,PluTI
NcoI,PpuMI
NcoI,PsiI
NcoI,PspGI
NcoI,PspOMI
NcoI,PspXI
NcoI,PstI
NcoI,PvuI
NcoI,PvuII
NcoI,RsRII
NcoI,RsaI
NcoI,SacI
NcoI,SacII
NcoI,SalI
NcoI,Sau3AI
NcoI,Sau96I
NcoI,SbfI
NcoI,ScaI
NcoI,ScrFI
NcoI,SexAI
NcoI,SfcI
NcoI,SgrAI
NcoI,SgrDI
NcoI,SmaI
NcoI,SmlI
NcoI,SpeI
NcoI,SphI
NcoI,SrfI
NcoI,SspI
NcoI,StyD4I
NcoI,SwaI
NcoI,TaiI
NcoI,TaqI
NcoI,TasI
NcoI,TatI
NcoI,TauI
NcoI,TfiI
NcoI,TseI
NcoI,Tsp45I
NcoI,TspMI
NcoI,XbaI
NcoI,XhoI
NcoI,XmaI
NcoI,ZraI
NdeI,NgoMIV
NdeI,NheI
NdeI,NlaIII
NdeI,NotI
NdeI,NruI
NdeI,NsiI
NdeI,NspI
NdeI,PacI
NdeI,PaeR7I
NdeI,PciI
NdeI,PluTI
NdeI,PpuMI
NdeI,PsiI
NdeI,PspGI
NdeI,PspOMI
NdeI,PspXI
NdeI,PstI
NdeI,PvuI
NdeI,PvuII
NdeI,RsRII
NdeI,RsaI
NdeI,SacI
NdeI,SacII
NdeI,SalI
NdeI,Sau3AI
NdeI,Sau96I
NdeI,SbfI
NdeI,ScaI
NdeI,ScrFI
NdeI,SexAI
NdeI,SfcI
NdeI,SgrAI
NdeI,SgrDI
NdeI,SmaI
NdeI,SmlI
NdeI,SpeI
NdeI,SphI
NdeI,SrfI
NdeI,SspI
NdeI,StyD4I
NdeI,StyI
NdeI,SwaI
NdeI,TaiI
NdeI,TaqI
NdeI,TasI
NdeI,TatI
NdeI,TauI
NdeI,TfiI
NdeI,TseI
NdeI,Tsp45I
NdeI,TspMI
NdeI,XbaI
NdeI,XhoI
NdeI,XmaI
NdeI,ZraI
NgoMIV,NheI
NgoMIV,NlaIII
NgoMIV,NotI
NgoMIV,NruI
NgoMIV,NsiI
NgoMIV,NspI
NgoMIV,PacI
NgoMIV,PaeR7I
NgoMIV,PciI
NgoMIV,PluTI
NgoMIV,PpuMI
NgoMIV,PsiI
NgoMIV,PspGI
NgoMIV,PspOMI
NgoMIV,PspXI
NgoMIV,PstI
NgoMIV,PvuI
NgoMIV,PvuII
NgoMIV,RsRII
NgoMIV,RsaI
NgoMIV,SacI
NgoMIV,SacII
NgoMIV,SalI
NgoMIV,Sau3AI
NgoMIV,Sau96I
NgoMIV,SbfI
NgoMIV,ScaI
NgoMIV,ScrFI
NgoMIV,SexAI
NgoMIV,SfcI
NgoMIV,SgrDI
NgoMIV,SmaI
NgoMIV,SmlI
NgoMIV,SpeI
NgoMIV,SphI
NgoMIV,SrfI
NgoMIV,SspI
NgoMIV,StyD4I
NgoMIV,StyI
NgoMIV,SwaI
NgoMIV,TaiI
NgoMIV,TaqI
NgoMIV,TasI
NgoMIV,TatI
NgoMIV,TauI
NgoMIV,TfiI
NgoMIV,TseI
NgoMIV,Tsp45I
NgoMIV,TspMI
NgoMIV,XbaI
NgoMIV,XhoI
NgoMIV,XmaI
NgoMIV,ZraI
NheI,NlaIII
NheI,NotI
NheI,NruI
NheI,NsiI
NheI,NspI
NheI,PacI
NheI,PaeR7I
NheI,PciI
NheI,PluTI
NheI,PpuMI
NheI,PsiI
NheI,PspGI
NheI,PspOMI
NheI,PspXI
NheI,PstI
NheI,PvuI
NheI,PvuII
NheI,RsRII
NheI,RsaI
NheI,SacI
NheI,SacII
NheI,SalI
NheI,Sau3AI
NheI,Sau96I
NheI,SbfI
NheI,ScaI
NheI,ScrFI
NheI,SexAI
NheI,SfcI
NheI,SgrAI
NheI,SgrDI
NheI,SmaI
NheI,SmlI
NheI,SpeI
NheI,SphI
NheI,SrfI
NheI,SspI
NheI,StyD4I
NheI,StyI
NheI,SwaI
NheI,TaiI
NheI,TaqI
NheI,TasI
NheI,TatI
NheI,TauI
NheI,TfiI
NheI,TseI
NheI,Tsp45I
NheI,TspMI
NheI,XbaI
NheI,XhoI
NheI,XmaI
NheI,ZraI
NlaIII,NotI
NlaIII,NruI
NlaIII,NsiI
NlaIII,PacI
NlaIII,PaeR7I
NlaIII,PluTI
NlaIII,PpuMI
NlaIII,PsiI
NlaIII,PspGI
NlaIII,PspOMI
NlaIII,PspXI
NlaIII,PstI
NlaIII,PvuI
NlaIII,PvuII
NlaIII,RsRII
NlaIII,RsaI
NlaIII,SacI
NlaIII,SacII
NlaIII,SalI
NlaIII,Sau3AI
NlaIII,Sau96I
NlaIII,SbfI
NlaIII,ScaI
NlaIII,ScrFI
NlaIII,SexAI
NlaIII,SfcI
NlaIII,SgrAI
NlaIII,SgrDI
NlaIII,SmaI
NlaIII,SmlI
NlaIII,SpeI
NlaIII,SrfI
NlaIII,SspI
NlaIII,StyD4I
NlaIII,SwaI
NlaIII,TaiI
NlaIII,TaqI
NlaIII,TasI
NlaIII,TatI
NlaIII,TauI
NlaIII,TfiI
NlaIII,TseI
NlaIII,Tsp45I
NlaIII,TspMI
NlaIII,XbaI
NlaIII,XhoI
NlaIII,XmaI
NlaIII,ZraI
NotI,NruI
NotI,NsiI
NotI,NspI
NotI,PacI
NotI,PaeR7I
NotI,PciI
NotI,PluTI
NotI,PpuMI
NotI,PsiI
NotI,PspGI
NotI,PspOMI
NotI,PspXI
NotI,PstI
NotI,PvuI
NotI,PvuII
NotI,RsRII
NotI,RsaI
NotI,SacI
NotI,SacII
NotI,SalI
NotI,Sau3AI
NotI,Sau96I
NotI,SbfI
NotI,ScaI
NotI,ScrFI
NotI,SexAI
NotI,SfcI
NotI,SgrAI
NotI,SgrDI
NotI,SmaI
NotI,SmlI
NotI,SpeI
NotI,SphI
NotI,SrfI
NotI,SspI
NotI,StyD4I
NotI,StyI
NotI,SwaI
NotI,TaiI
NotI,TaqI
NotI,TasI
NotI,TatI
NotI,TfiI
NotI,TseI
NotI,Tsp45I
NotI,TspMI
NotI,XbaI
NotI,XhoI
NotI,XmaI
NotI,ZraI
NruI,NsiI
NruI,NspI
NruI,PacI
NruI,PaeR7I
NruI,PciI
NruI,PluTI
NruI,PpuMI
NruI,PsiI
NruI,PspGI
NruI,PspOMI
NruI,PspXI
NruI,PstI
NruI,PvuI
NruI,PvuII
NruI,RsRII
NruI,RsaI
NruI,SacI
NruI,SacII
NruI,SalI
NruI,Sau3AI
NruI,Sau96I
NruI,SbfI
NruI,ScaI
NruI,ScrFI
NruI,SexAI
NruI,SfcI
NruI,SgrAI
NruI,SgrDI
NruI,SmaI
NruI,SmlI
NruI,SpeI
NruI,SphI
NruI,SrfI
NruI,SspI
NruI,StyD4I
NruI,StyI
NruI,SwaI
NruI,TaiI
NruI,TaqI
NruI,TasI
NruI,TatI
NruI,TauI
NruI,TfiI
NruI,TseI
NruI,Tsp45I
NruI,TspMI
NruI,XbaI
NruI,XhoI
NruI,XmaI
NruI,ZraI
NsiI,NspI
NsiI,PacI
NsiI,PaeR7I
NsiI,PciI
NsiI,PluTI
NsiI,PpuMI
NsiI,PsiI
NsiI,PspGI
NsiI,PspOMI
NsiI,PspXI
NsiI,PstI
NsiI,PvuI
NsiI,PvuII
NsiI,RsRII
NsiI,RsaI
NsiI,SacI
NsiI,SacII
NsiI,SalI
NsiI,Sau3AI
NsiI,Sau96I
NsiI,SbfI
NsiI,ScaI
NsiI,ScrFI
NsiI,SexAI
NsiI,SfcI
NsiI,SgrAI
NsiI,SgrDI
NsiI,SmaI
NsiI,SmlI
NsiI,SpeI
NsiI,SphI
NsiI,SrfI
NsiI,SspI
NsiI,StyD4I
NsiI,StyI
NsiI,SwaI
NsiI,TaiI
NsiI,TaqI
NsiI,TasI
NsiI,TatI
NsiI,TauI
NsiI,TfiI
NsiI,TseI
NsiI,Tsp45I
NsiI,TspMI
NsiI,XbaI
NsiI,XhoI
NsiI,XmaI
NsiI,ZraI
NspI,PacI
NspI,PaeR7I
NspI,PluTI
NspI,PpuMI
NspI,PsiI
NspI,PspGI
NspI,PspOMI
NspI,PspXI
NspI,PstI
NspI,PvuI
NspI,PvuII
NspI,RsRII
NspI,RsaI
NspI,SacI
NspI,SacII
NspI,SalI
NspI,Sau3AI
NspI,Sau96I
NspI,SbfI
NspI,ScaI
NspI,ScrFI
NspI,SexAI
NspI,SfcI
NspI,SgrAI
NspI,SgrDI
NspI,SmaI
NspI,SmlI
NspI,SpeI
NspI,SrfI
NspI,SspI
NspI,StyD4I
NspI,StyI
NspI,SwaI
NspI,TaiI
NspI,TaqI
NspI,TasI
NspI,TatI
NspI,TauI
NspI,TfiI
NspI,TseI
NspI,Tsp45I
NspI,TspMI
NspI,XbaI
NspI,XhoI
NspI,XmaI
NspI,ZraI
PacI,PaeR7I
PacI,PciI
PacI,PluTI
PacI,PpuMI
PacI,PsiI
PacI,PspGI
PacI,PspOMI
PacI,PspXI
PacI,PstI
PacI,PvuI
PacI,PvuII
PacI,RsRII
PacI,RsaI
PacI,SacI
PacI,SacII
PacI,SalI
PacI,Sau3AI
PacI,Sau96I
PacI,SbfI
PacI,ScaI
PacI,ScrFI
PacI,SexAI
PacI,SfcI
PacI,SgrAI
PacI,SgrDI
PacI,SmaI
PacI,SmlI
PacI,SpeI
PacI,SphI
PacI,SrfI
PacI,SspI
PacI,StyD4I
PacI,StyI
PacI,SwaI
PacI,TaiI
PacI,TaqI
PacI,TatI
PacI,TauI
PacI,TfiI
PacI,TseI
PacI,Tsp45I
PacI,TspMI
PacI,XbaI
PacI,XhoI
PacI,XmaI
PacI,ZraI
PaeR7I,PciI
PaeR7I,PluTI
PaeR7I,PpuMI
PaeR7I,PsiI
PaeR7I,PspGI
PaeR7I,PspOMI
PaeR7I,PstI
PaeR7I,PvuI
PaeR7I,PvuII
PaeR7I,RsRII
PaeR7I,RsaI
PaeR7I,SacI
PaeR7I,SacII
PaeR7I,SalI
PaeR7I,Sau3AI
PaeR7I,Sau96I
PaeR7I,SbfI
PaeR7I,ScaI
PaeR7I,ScrFI
PaeR7I,SexAI
PaeR7I,SfcI
PaeR7I,SgrAI
PaeR7I,SgrDI
PaeR7I,SmaI
PaeR7I,SpeI
PaeR7I,SphI
PaeR7I,SrfI
PaeR7I,SspI
PaeR7I,StyD4I
PaeR7I,StyI
PaeR7I,SwaI
PaeR7I,TaiI
PaeR7I,TasI
PaeR7I,TatI
PaeR7I,TauI
PaeR7I,TfiI
PaeR7I,TseI
PaeR7I,Tsp45I
PaeR7I,TspMI
PaeR7I,XbaI
PaeR7I,XmaI
PaeR7I,ZraI
PciI,PluTI
PciI,PpuMI
PciI,PsiI
PciI,PspGI
PciI,PspOMI
PciI,PspXI
PciI,PstI
PciI,PvuI
PciI,PvuII
PciI,RsRII
PciI,RsaI
PciI,SacI
PciI,SacII
PciI,SalI
PciI,Sau3AI
PciI,Sau96I
PciI,SbfI
PciI,ScaI
PciI,ScrFI
PciI,SexAI
PciI,SfcI
PciI,SgrAI
PciI,SgrDI
PciI,SmaI
PciI,SmlI
PciI,SpeI
PciI,SphI
PciI,SrfI
PciI,SspI
PciI,StyD4I
PciI,StyI
PciI,SwaI
PciI,TaiI
PciI,TaqI
PciI,TasI
PciI,TatI
PciI,TauI
PciI,TfiI
PciI,TseI
PciI,Tsp45I
PciI,TspMI
PciI,XbaI
PciI,XhoI
PciI,XmaI
PciI,ZraI
PluTI,PpuMI
PluTI,PsiI
PluTI,PspGI
PluTI,PspOMI
PluTI,PspXI
PluTI,PstI
PluTI,PvuI
PluTI,PvuII
PluTI,RsRII
PluTI,RsaI
PluTI,SacI
PluTI,SacII
PluTI,SalI
PluTI,Sau3AI
PluTI,Sau96I
PluTI,SbfI
PluTI,ScaI
PluTI,ScrFI
PluTI,SexAI
PluTI,SfcI
PluTI,SgrAI
PluTI,SgrDI
PluTI,SmaI
PluTI,SmlI
PluTI,SpeI
PluTI,SphI
PluTI,SrfI
PluTI,SspI
PluTI,StyD4I
PluTI,StyI
PluTI,SwaI
PluTI,TaiI
PluTI,TaqI
PluTI,TasI
PluTI,TatI
PluTI,TauI
PluTI,TfiI
PluTI,TseI
PluTI,Tsp45I
PluTI,TspMI
PluTI,XbaI
PluTI,XhoI
PluTI,XmaI
PluTI,ZraI
PpuMI,PsiI
PpuMI,PspGI
PpuMI,PspOMI
PpuMI,PspXI
PpuMI,PstI
PpuMI,PvuI
PpuMI,PvuII
PpuMI,RsRII
PpuMI,RsaI
PpuMI,SacI
PpuMI,SacII
PpuMI,SalI
PpuMI,Sau3AI
PpuMI,SbfI
PpuMI,ScaI
PpuMI,ScrFI
PpuMI,SexAI
PpuMI,SfcI
PpuMI,SgrAI
PpuMI,SgrDI
PpuMI,SmaI
PpuMI,SmlI
PpuMI,SpeI
PpuMI,SphI
PpuMI,SrfI
PpuMI,SspI
PpuMI,StyD4I
PpuMI,StyI
PpuMI,SwaI
PpuMI,TaiI
PpuMI,TaqI
PpuMI,TasI
PpuMI,TatI
PpuMI,TauI
PpuMI,TfiI
PpuMI,TseI
PpuMI,Tsp45I
PpuMI,TspMI
PpuMI,XbaI
PpuMI,XhoI
PpuMI,XmaI
PpuMI,ZraI
PsiI,PspGI
PsiI,PspOMI
PsiI,PspXI
PsiI,PstI
PsiI,PvuI
PsiI,PvuII
PsiI,RsRII
PsiI,RsaI
PsiI,SacI
PsiI,SacII
PsiI,SalI
PsiI,Sau3AI
PsiI,Sau96I
PsiI,SbfI
PsiI,ScaI
PsiI,ScrFI
PsiI,SexAI
PsiI,SfcI
PsiI,SgrAI
PsiI,SgrDI
PsiI,SmaI
PsiI,SmlI
PsiI,SpeI
PsiI,SphI
PsiI,SrfI
PsiI,SspI
PsiI,StyD4I
PsiI,StyI
PsiI,SwaI
PsiI,TaiI
PsiI,TaqI
PsiI,TasI
PsiI,TatI
PsiI,TauI
PsiI,TfiI
PsiI,TseI
PsiI,Tsp45I
PsiI,TspMI
PsiI,XbaI
PsiI,XhoI
PsiI,XmaI
PsiI,ZraI
PspGI,PspOMI
PspGI,PspXI
PspGI,PstI
PspGI,PvuI
PspGI,PvuII
PspGI,RsRII
PspGI,RsaI
PspGI,SacI
PspGI,SacII
PspGI,SalI
PspGI,Sau3AI
PspGI,Sau96I
PspGI,SbfI
PspGI,ScaI
PspGI,SfcI
PspGI,SgrAI
PspGI,SgrDI
PspGI,SmaI
PspGI,SmlI
PspGI,SpeI
PspGI,SphI
PspGI,SrfI
PspGI,SspI
PspGI,StyI
PspGI,SwaI
PspGI,TaiI
PspGI,TaqI
PspGI,TasI
PspGI,TatI
PspGI,TauI
PspGI,TfiI
PspGI,TseI
PspGI,Tsp45I
PspGI,TspMI
PspGI,XbaI
PspGI,XhoI
PspGI,XmaI
PspGI,ZraI
PspOMI,PspXI
PspOMI,PstI
PspOMI,PvuI
PspOMI,PvuII
PspOMI,RsRII
PspOMI,RsaI
PspOMI,SacI
PspOMI,SacII
PspOMI,SalI
PspOMI,Sau3AI
PspOMI,SbfI
PspOMI,ScaI
PspOMI,ScrFI
PspOMI,SexAI
PspOMI,SfcI
PspOMI,SgrAI
PspOMI,SgrDI
PspOMI,SmaI
PspOMI,SmlI
PspOMI,SpeI
PspOMI,SphI
PspOMI,SrfI
PspOMI,SspI
PspOMI,StyD4I
PspOMI,StyI
PspOMI,SwaI
PspOMI,TaiI
PspOMI,TaqI
PspOMI,TasI
PspOMI,TatI
PspOMI,TauI
PspOMI,TfiI
PspOMI,TseI
PspOMI,Tsp45I
PspOMI,TspMI
PspOMI,XbaI
PspOMI,XhoI
PspOMI,XmaI
PspOMI,ZraI
PspXI,PstI
PspXI,PvuI
PspXI,PvuII
PspXI,RsRII
PspXI,RsaI
PspXI,SacI
PspXI,SacII
PspXI,SalI
PspXI,Sau3AI
PspXI,Sau96I
PspXI,SbfI
PspXI,ScaI
PspXI,ScrFI
PspXI,SexAI
PspXI,SfcI
PspXI,SgrAI
PspXI,SgrDI
PspXI,SmaI
PspXI,SpeI
PspXI,SphI
PspXI,SrfI
PspXI,SspI
PspXI,StyD4I
PspXI,StyI
PspXI,SwaI
PspXI,TaiI
PspXI,TasI
PspXI,TatI
PspXI,TauI
PspXI,TfiI
PspXI,TseI
PspXI,Tsp45I
PspXI,TspMI
PspXI,XbaI
PspXI,XmaI
PspXI,ZraI
PstI,PvuI
PstI,PvuII
PstI,RsRII
PstI,RsaI
PstI,SacI
PstI,SacII
PstI,SalI
PstI,Sau3AI
PstI,Sau96I
PstI,ScaI
PstI,ScrFI
PstI,SexAI
PstI,SgrAI
PstI,SgrDI
PstI,SmaI
PstI,SmlI
PstI,SpeI
PstI,SphI
PstI,SrfI
PstI,SspI
PstI,StyD4I
PstI,StyI
PstI,SwaI
PstI,TaiI
PstI,TaqI
PstI,TasI
PstI,TatI
PstI,TauI
PstI,TfiI
PstI,TseI
PstI,Tsp45I
PstI,TspMI
PstI,XbaI
PstI,XhoI
PstI,XmaI
PstI,ZraI
PvuI,PvuII
PvuI,RsRII
PvuI,RsaI
PvuI,SacI
PvuI,SacII
PvuI,SalI
PvuI,Sau96I
PvuI,SbfI
PvuI,ScaI
PvuI,ScrFI
PvuI,SexAI
PvuI,SfcI
PvuI,SgrAI
PvuI,SgrDI
PvuI,SmaI
PvuI,SmlI
PvuI,SpeI
PvuI,SphI
PvuI,SrfI
PvuI,SspI
PvuI,StyD4I
PvuI,StyI
PvuI,SwaI
PvuI,TaiI
PvuI,TaqI
PvuI,TasI
PvuI,TatI
PvuI,TauI
PvuI,TfiI
PvuI,TseI
PvuI,Tsp45I
PvuI,TspMI
PvuI,XbaI
PvuI,XhoI
PvuI,XmaI
PvuI,ZraI
PvuII,RsRII
PvuII,RsaI
PvuII,SacI
PvuII,SacII
PvuII,SalI
PvuII,Sau3AI
PvuII,Sau96I
PvuII,SbfI
PvuII,ScaI
PvuII,ScrFI
PvuII,SexAI
PvuII,SfcI
PvuII,SgrAI
PvuII,SgrDI
PvuII,SmaI
PvuII,SmlI
PvuII,SpeI
PvuII,SphI
PvuII,SrfI
PvuII,SspI
PvuII,StyD4I
PvuII,StyI
PvuII,SwaI
PvuII,TaiI
PvuII,TaqI
PvuII,TasI
PvuII,TatI
PvuII,TauI
PvuII,TfiI
PvuII,TseI
PvuII,Tsp45I
PvuII,TspMI
PvuII,XbaI
PvuII,XhoI
PvuII,XmaI
PvuII,ZraI
RsRII,RsaI
RsRII,SacI
RsRII,SacII
RsRII,SalI
RsRII,Sau3AI
RsRII,SbfI
RsRII,ScaI
RsRII,ScrFI
RsRII,SexAI
RsRII,SfcI
RsRII,SgrAI
RsRII,SgrDI
RsRII,SmaI
RsRII,SmlI
RsRII,SpeI
RsRII,SphI
RsRII,SrfI
RsRII,SspI
RsRII,StyD4I
RsRII,StyI
RsRII,SwaI
RsRII,TaiI
RsRII,TaqI
RsRII,TasI
RsRII,TatI
RsRII,TauI
RsRII,TfiI
RsRII,TseI
RsRII,Tsp45I
RsRII,TspMI
RsRII,XbaI
RsRII,XhoI
RsRII,XmaI
RsRII,ZraI
RsaI,SacI
RsaI,SacII
RsaI,SalI
RsaI,Sau3AI
RsaI,Sau96I
RsaI,SbfI
RsaI,ScrFI
RsaI,SexAI
RsaI,SfcI
RsaI,SgrAI
RsaI,SgrDI
RsaI,SmaI
RsaI,SmlI
RsaI,SpeI
RsaI,SphI
RsaI,SrfI
RsaI,SspI
RsaI,StyD4I
RsaI,StyI
RsaI,SwaI
RsaI,TaiI
RsaI,TaqI
RsaI,TasI
RsaI,TauI
RsaI,TfiI
RsaI,TseI
RsaI,Tsp45I
RsaI,TspMI
RsaI,XbaI
RsaI,XhoI
RsaI,XmaI
RsaI,ZraI
SacI,SacII
SacI,SalI
SacI,Sau3AI
SacI,Sau96I
SacI,SbfI
SacI,ScaI
SacI,ScrFI
SacI,SexAI
SacI,SfcI
SacI,SgrAI
SacI,SgrDI
SacI,SmaI
SacI,SmlI
SacI,SpeI
SacI,SphI
SacI,SrfI
SacI,SspI
SacI,StyD4I
SacI,StyI
SacI,SwaI
SacI,TaiI
SacI,TaqI
SacI,TasI
SacI,TatI
SacI,TauI
SacI,TfiI
SacI,TseI
SacI,Tsp45I
SacI,TspMI
SacI,XbaI
SacI,XhoI
SacI,XmaI
SacI,ZraI
SacII,SalI
SacII,Sau3AI
SacII,Sau96I
SacII,SbfI
SacII,ScaI
SacII,ScrFI
SacII,SexAI
SacII,SfcI
SacII,SgrAI
SacII,SgrDI
SacII,SmaI
SacII,SmlI
SacII,SpeI
SacII,SphI
SacII,SrfI
SacII,SspI
SacII,StyD4I
SacII,StyI
SacII,SwaI
SacII,TaiI
SacII,TaqI
SacII,TasI
SacII,TatI
SacII,TauI
SacII,TfiI
SacII,TseI
SacII,Tsp45I
SacII,TspMI
SacII,XbaI
SacII,XhoI
SacII,XmaI
SacII,ZraI
SalI,Sau3AI
SalI,Sau96I
SalI,SbfI
SalI,ScaI
SalI,ScrFI
SalI,SexAI
SalI,SfcI
SalI,SgrAI
SalI,SmaI
SalI,SmlI
SalI,SpeI
SalI,SphI
SalI,SrfI
SalI,SspI
SalI,StyD4I
SalI,StyI
SalI,SwaI
SalI,TaiI
SalI,TasI
SalI,TatI
SalI,TauI
SalI,TfiI
SalI,TseI
SalI,Tsp45I
SalI,TspMI
SalI,XbaI
SalI,XhoI
SalI,XmaI
SalI,ZraI
Sau3AI,Sau96I
Sau3AI,SbfI
Sau3AI,ScaI
Sau3AI,ScrFI
Sau3AI,SexAI
Sau3AI,SfcI
Sau3AI,SgrAI
Sau3AI,SgrDI
Sau3AI,SmaI
Sau3AI,SmlI
Sau3AI,SpeI
Sau3AI,SphI
Sau3AI,SrfI
Sau3AI,SspI
Sau3AI,StyD4I
Sau3AI,StyI
Sau3AI,SwaI
Sau3AI,TaiI
Sau3AI,TaqI
Sau3AI,TasI
Sau3AI,TatI
Sau3AI,TauI
Sau3AI,TfiI
Sau3AI,TseI
Sau3AI,Tsp45I
Sau3AI,TspMI
Sau3AI,XbaI
Sau3AI,XhoI
Sau3AI,XmaI
Sau3AI,ZraI
Sau96I,SbfI
Sau96I,ScaI
Sau96I,ScrFI
Sau96I,SexAI
Sau96I,SfcI
Sau96I,SgrAI
Sau96I,SgrDI
Sau96I,SmaI
Sau96I,SmlI
Sau96I,SpeI
Sau96I,SphI
Sau96I,SrfI
Sau96I,SspI
Sau96I,StyD4I
Sau96I,StyI
Sau96I,SwaI
Sau96I,TaiI
Sau96I,TaqI
Sau96I,TasI
Sau96I,TatI
Sau96I,TauI
Sau96I,TfiI
Sau96I,TseI
Sau96I,Tsp45I
Sau96I,TspMI
Sau96I,XbaI
Sau96I,XhoI
Sau96I,XmaI
Sau96I,ZraI
SbfI,ScaI
SbfI,ScrFI
SbfI,SexAI
SbfI,SgrAI
SbfI,SgrDI
SbfI,SmaI
SbfI,SmlI
SbfI,SpeI
SbfI,SphI
SbfI,SrfI
SbfI,SspI
SbfI,StyD4I
SbfI,StyI
SbfI,SwaI
SbfI,TaiI
SbfI,TaqI
SbfI,TasI
SbfI,TatI
SbfI,TauI
SbfI,TfiI
SbfI,TseI
SbfI,Tsp45I
SbfI,TspMI
SbfI,XbaI
SbfI,XhoI
SbfI,XmaI
SbfI,ZraI
ScaI,ScrFI
ScaI,SexAI
ScaI,SfcI
ScaI,SgrAI
ScaI,SgrDI
ScaI,SmaI
ScaI,SmlI
ScaI,SpeI
ScaI,SphI
ScaI,SrfI
ScaI,SspI
ScaI,StyD4I
ScaI,StyI
ScaI,SwaI
ScaI,TaiI
ScaI,TaqI
ScaI,TasI
ScaI,TauI
ScaI,TfiI
ScaI,TseI
ScaI,Tsp45I
ScaI,TspMI
ScaI,XbaI
ScaI,XhoI
ScaI,XmaI
ScaI,ZraI
ScrFI,SfcI
ScrFI,SgrAI
ScrFI,SgrDI
ScrFI,SmlI
ScrFI,SpeI
ScrFI,SphI
ScrFI,SspI
ScrFI,StyI
ScrFI,SwaI
ScrFI,TaiI
ScrFI,TaqI
ScrFI,TasI
ScrFI,TatI
ScrFI,TauI
ScrFI,TfiI
ScrFI,TseI
ScrFI,Tsp45I
ScrFI,XbaI
ScrFI,XhoI
ScrFI,ZraI
SexAI,SfcI
SexAI,SgrAI
SexAI,SgrDI
SexAI,SmaI
SexAI,SmlI
SexAI,SpeI
SexAI,SphI
SexAI,SrfI
SexAI,SspI
SexAI,StyI
SexAI,SwaI
SexAI,TaiI
SexAI,TaqI
SexAI,TasI
SexAI,TatI
SexAI,TauI
SexAI,TfiI
SexAI,TseI
SexAI,Tsp45I
SexAI,TspMI
SexAI,XbaI
SexAI,XhoI
SexAI,XmaI
SexAI,ZraI
SfcI,SgrAI
SfcI,SgrDI
SfcI,SmaI
SfcI,SmlI
SfcI,SpeI
SfcI,SphI
SfcI,SrfI
SfcI,SspI
SfcI,StyD4I
SfcI,StyI
SfcI,SwaI
SfcI,TaiI
SfcI,TaqI
SfcI,TasI
SfcI,TatI
SfcI,TauI
SfcI,TfiI
SfcI,TseI
SfcI,Tsp45I
SfcI,TspMI
SfcI,XbaI
SfcI,XhoI
SfcI,XmaI
SfcI,ZraI
SgrAI,SgrDI
SgrAI,SmaI
SgrAI,SmlI
SgrAI,SpeI
SgrAI,SphI
SgrAI,SrfI
SgrAI,SspI
SgrAI,StyD4I
SgrAI,StyI
SgrAI,SwaI
SgrAI,TaiI
SgrAI,TaqI
SgrAI,TasI
SgrAI,TatI
SgrAI,TauI
SgrAI,TfiI
SgrAI,TseI
SgrAI,Tsp45I
SgrAI,TspMI
SgrAI,XbaI
SgrAI,XhoI
SgrAI,XmaI
SgrAI,ZraI
SgrDI,SmaI
SgrDI,SmlI
SgrDI,SpeI
SgrDI,SphI
SgrDI,SrfI
SgrDI,SspI
SgrDI,StyD4I
SgrDI,StyI
SgrDI,SwaI
SgrDI,TaiI
SgrDI,TasI
SgrDI,TatI
SgrDI,TauI
SgrDI,TfiI
SgrDI,TseI
SgrDI,Tsp45I
SgrDI,TspMI
SgrDI,XbaI
SgrDI,XhoI
SgrDI,XmaI
SgrDI,ZraI
SmaI,SmlI
SmaI,SpeI
SmaI,SphI
SmaI,SspI
SmaI,StyI
SmaI,SwaI
SmaI,TaiI
SmaI,TaqI
SmaI,TasI
SmaI,TatI
SmaI,TauI
SmaI,TfiI
SmaI,TseI
SmaI,Tsp45I
SmaI,XbaI
SmaI,XhoI
SmaI,ZraI
SmlI,SpeI
SmlI,SphI
SmlI,SrfI
SmlI,SspI
SmlI,StyD4I
SmlI,StyI
SmlI,SwaI
SmlI,TaiI
SmlI,TasI
SmlI,TatI
SmlI,TauI
SmlI,TfiI
SmlI,TseI
SmlI,Tsp45I
SmlI,TspMI
SmlI,XbaI
SmlI,XmaI
SmlI,ZraI
SpeI,SphI
SpeI,SrfI
SpeI,SspI
SpeI,StyD4I
SpeI,StyI
SpeI,SwaI
SpeI,TaiI
SpeI,TaqI
SpeI,TasI
SpeI,TatI
SpeI,TauI
SpeI,TfiI
SpeI,TseI
SpeI,Tsp45I
SpeI,TspMI
SpeI,XbaI
SpeI,XhoI
SpeI,XmaI
SpeI,ZraI
SphI,SrfI
SphI,SspI
SphI,StyD4I
SphI,StyI
SphI,SwaI
SphI,TaiI
SphI,TaqI
SphI,TasI
SphI,TatI
SphI,TauI
SphI,TfiI
SphI,TseI
SphI,Tsp45I
SphI,TspMI
SphI,XbaI
SphI,XhoI
SphI,XmaI
SphI,ZraI
SrfI,SspI
SrfI,StyI
SrfI,SwaI
SrfI,TaiI
SrfI,TaqI
SrfI,TasI
SrfI,TatI
SrfI,TauI
SrfI,TfiI
SrfI,TseI
SrfI,Tsp45I
SrfI,XbaI
SrfI,XhoI
SrfI,ZraI
SspI,StyD4I
SspI,StyI
SspI,SwaI
SspI,TaiI
SspI,TaqI
SspI,TasI
SspI,TatI
SspI,TauI
SspI,TfiI
SspI,TseI
SspI,Tsp45I
SspI,TspMI
SspI,XbaI
SspI,XhoI
SspI,XmaI
SspI,ZraI
StyD4I,StyI
StyD4I,SwaI
StyD4I,TaiI
StyD4I,TaqI
StyD4I,TasI
StyD4I,TatI
StyD4I,TauI
StyD4I,TfiI
StyD4I,TseI
StyD4I,Tsp45I
StyD4I,XbaI
StyD4I,XhoI
StyD4I,ZraI
StyI,SwaI
StyI,TaiI
StyI,TaqI
StyI,TasI
StyI,TatI
StyI,TauI
StyI,TfiI
StyI,TseI
StyI,Tsp45I
StyI,TspMI
StyI,XbaI
StyI,XhoI
StyI,XmaI
StyI,ZraI
SwaI,TaiI
SwaI,TaqI
SwaI,TasI
SwaI,TatI
SwaI,TauI
SwaI,TfiI
SwaI,TseI
SwaI,Tsp45I
SwaI,TspMI
SwaI,XbaI
SwaI,XhoI
SwaI,XmaI
SwaI,ZraI
TaiI,TaqI
TaiI,TasI
TaiI,TatI
TaiI,TauI
TaiI,TfiI
TaiI,TseI
TaiI,Tsp45I
TaiI,TspMI
TaiI,XbaI
TaiI,XhoI
TaiI,XmaI
TaqI,TasI
TaqI,TatI
TaqI,TauI
TaqI,TfiI
TaqI,TseI
TaqI,Tsp45I
TaqI,TspMI
TaqI,XbaI
TaqI,XmaI
TaqI,ZraI
TasI,TatI
TasI,TauI
TasI,TfiI
TasI,TseI
TasI,Tsp45I
TasI,TspMI
TasI,XbaI
TasI,XhoI
TasI,XmaI
TasI,ZraI
TatI,TauI
TatI,TfiI
TatI,TseI
TatI,Tsp45I
TatI,TspMI
TatI,XbaI
TatI,XhoI
TatI,XmaI
TatI,ZraI
TauI,TfiI
TauI,TseI
TauI,Tsp45I
TauI,TspMI
TauI,XbaI
TauI,XhoI
TauI,XmaI
TauI,ZraI
TfiI,TseI
TfiI,Tsp45I
TfiI,TspMI
TfiI,XbaI
TfiI,XhoI
TfiI,XmaI
TfiI,ZraI
TseI,Tsp45I
TseI,TspMI
TseI,XbaI
TseI,XhoI
TseI,XmaI
TseI,ZraI
Tsp45I,TspMI
Tsp45I,XbaI
Tsp45I,XhoI
Tsp45I,XmaI
Tsp45I,ZraI
TspMI,XbaI
TspMI,XhoI
TspMI,ZraI
XbaI,XhoI
XbaI,XmaI
XbaI,ZraI
XhoI,XmaI
XhoI,ZraI
XmaI,ZraI